customer_id,age,location,signup_date,total_orders,total_spend,last_purchase_days
CUST0001,25,Delhi,2025-11-24,24,27865.42,58
CUST0002,24,Mumbai,2025-03-13,19,42481.22,8
CUST0003,31,Hyderabad,2025-02-17,17,60400.86,144
CUST0004,52,Kolkata,2025-04-12,8,45196.3,72
CUST0005,18,Bangalore,2026-02-19,23,42550.13,72
CUST0006,31,Chennai,2025-03-21,4,9728.21,25
CUST0007,40,Pune,2025-07-03,26,4823.32,118
CUST0008,25,Kolkata,2025-10-02,3,55428.04,161
CUST0009,41,Hyderabad,2025-11-13,23,7420.74,170
CUST0010,36,Mumbai,2025-04-27,28,23662.69,26
CUST0011,35,Noida,2025-07-14,21,83493.99,42
CUST0012,40,Hyderabad,2025-07-09,22,27064.29,175
CUST0013,22,Bangalore,2025-11-28,18,73048.12,42
CUST0014,42,Pune,2025-08-25,30,64179.98,143
CUST0015,38,Delhi,2025-04-23,8,82269.36,81
CUST0016,35,Mumbai,2025-07-25,7,91357.04,146
CUST0017,38,Hyderabad,2026-03-25,21,50173.51,165
CUST0018,27,Pune,2025-08-23,5,25039.44,144
CUST0019,34,Kolkata,2025-10-03,29,58561.53,93
CUST0020,26,Noida,2025-04-23,3,75700.32,29
CUST0021,28,Kolkata,2025-03-20,20,6821.01,98
CUST0022,47,Pune,2025-11-02,18,86147.58,3
CUST0023,25,Pune,2025-12-15,25,64275.7,29
CUST0024,45,Bangalore,2025-05-31,15,822.91,68
CUST0025,50,Bangalore,2026-05-13,17,91306.47,161
CUST0026,50,Hyderabad,2025-06-02,5,37704.43,42
CUST0027,51,Delhi,2025-10-04,20,32753.53,5
CUST0028,41,Pune,2025-02-27,8,6263.55,146
CUST0029,23,Mumbai,2026-04-30,24,48856.05,18
CUST0030,52,Bangalore,2026-05-16,5,66145.21,141
CUST0031,34,Kolkata,2025-03-26,7,92926.89,177
CUST0032,37,Kolkata,2025-04-13,22,65162.87,113
CUST0033,51,Noida,2026-04-06,4,25166.61,17
CUST0034,19,Hyderabad,2025-06-23,19,22411.63,19
CUST0035,21,Hyderabad,2025-12-29,3,90589.29,85
CUST0036,50,Hyderabad,2025-02-06,9,67063.29,55
CUST0037,26,Noida,2025-10-04,8,78569.63,105
CUST0038,24,Mumbai,2025-04-08,22,43389.59,109
CUST0039,47,Delhi,2025-07-30,22,65518.82,166
CUST0040,21,Kolkata,2025-02-20,24,34260.61,28
CUST0041,30,Hyderabad,2025-05-08,18,45137.05,109
CUST0042,35,Noida,2025-04-04,8,87511.35,20
CUST0043,53,Mumbai,2025-08-15,2,65388.42,139
CUST0044,18,Mumbai,2026-03-05,30,75479.77,61
CUST0045,44,Noida,2025-03-27,16,21767.86,103
CUST0046,21,Bangalore,2026-04-08,13,714.46,100
CUST0047,47,Pune,2025-05-16,14,69810.85,143
CUST0048,49,Bangalore,2025-12-05,7,30022.43,15
CUST0049,52,Delhi,2025-10-24,24,31703.68,13
CUST0050,48,Bangalore,2025-10-27,2,96097.5,21
CUST0051,29,Mumbai,2026-03-12,20,7262.11,61
CUST0052,25,Hyderabad,2025-07-26,19,59654.66,159
CUST0053,44,Chennai,2025-02-11,30,26446.19,172
CUST0054,38,Hyderabad,2026-01-02,9,39880.69,172
CUST0055,37,Noida,2025-11-27,11,92937.32,19
CUST0056,47,Mumbai,2025-01-05,3,53994.62,130
CUST0057,26,Chennai,2025-05-16,29,7344.74,63
CUST0058,36,Bangalore,2025-07-09,15,83457.62,78
CUST0059,51,Delhi,2025-11-10,22,81801.86,77
CUST0060,24,Bangalore,2026-04-23,9,11985.15,28
CUST0061,53,Bangalore,2026-01-16,9,28534.75,54
CUST0062,39,Hyderabad,2026-01-03,22,63606.68,68
CUST0063,49,Pune,2025-09-16,29,90861.83,14
CUST0064,45,Pune,2025-02-17,2,852.8,34
CUST0065,34,Bangalore,2025-11-23,24,44462.63,110
CUST0066,18,Mumbai,2025-10-15,3,94532.57,177
CUST0067,27,Delhi,2026-04-08,27,37236.99,142
CUST0068,45,Bangalore,2025-03-17,2,31171.71,11
CUST0069,40,Hyderabad,2026-04-06,22,25328.21,27
CUST0070,53,Kolkata,2025-07-01,20,75073.02,61
CUST0071,28,Bangalore,2026-03-19,29,41523.29,46
CUST0072,39,Kolkata,2026-01-13,26,67155.76,64
CUST0073,28,Mumbai,2025-05-17,13,87280.59,121
CUST0074,30,Noida,2025-04-24,12,30866.49,59
CUST0075,19,Hyderabad,2025-04-25,13,33162.06,18
CUST0076,35,Chennai,2026-05-11,21,51185.86,174
CUST0077,52,Chennai,2026-03-08,1,11976.5,67
CUST0078,55,Pune,2025-04-02,2,11286.05,112
CUST0079,38,Kolkata,2025-06-26,20,98431.47,30
CUST0080,54,Hyderabad,2025-07-17,9,4916.46,112
CUST0081,51,Hyderabad,2025-01-01,12,43414.09,171
CUST0082,39,Chennai,2026-04-17,22,84877.52,77
CUST0083,37,Kolkata,2025-09-17,11,40538.84,76
CUST0084,26,Hyderabad,2025-10-11,14,66660.48,98
CUST0085,29,Pune,2025-12-13,13,55019.75,1
CUST0086,36,Hyderabad,2025-06-05,14,78683.0,156
CUST0087,38,Noida,2025-12-02,15,44494.9,55
CUST0088,48,Bangalore,2025-09-19,22,8937.16,132
CUST0089,39,Mumbai,2025-12-06,27,95223.97,61
CUST0090,37,Hyderabad,2025-12-11,26,20313.43,7
CUST0091,33,Noida,2025-01-24,20,85048.9,19
CUST0092,44,Hyderabad,2025-08-22,23,69787.25,127
CUST0093,33,Bangalore,2025-07-24,21,68918.43,28
CUST0094,45,Hyderabad,2026-02-03,6,80508.93,179
CUST0095,47,Delhi,2025-09-23,18,25295.23,32
CUST0096,26,Noida,2025-08-22,22,53347.62,144
CUST0097,38,Noida,2025-11-01,20,81593.15,130
CUST0098,53,Noida,2025-08-07,29,16336.21,122
CUST0099,34,Hyderabad,2025-08-19,27,63947.31,134
CUST0100,33,Pune,2025-09-06,15,8209.59,74
CUST0101,35,Chennai,2025-05-01,11,89356.17,21
CUST0102,27,Hyderabad,2025-03-12,13,69548.01,55
CUST0103,44,Kolkata,2025-02-02,11,54489.81,107
CUST0104,31,Kolkata,2025-02-01,13,90531.43,150
CUST0105,19,Kolkata,2026-04-30,16,1086.66,91
CUST0106,42,Kolkata,2025-06-02,18,74877.81,140
CUST0107,32,Noida,2026-02-14,8,27657.06,125
CUST0108,42,Chennai,2025-01-15,22,68074.62,104
CUST0109,28,Noida,2026-01-06,30,13198.97,160
CUST0110,19,Kolkata,2025-10-01,19,56657.0,7
CUST0111,45,Bangalore,2025-02-12,28,46439.0,13
CUST0112,42,Chennai,2025-05-14,7,45742.58,87
CUST0113,42,Pune,2026-01-25,25,95144.81,108
CUST0114,23,Noida,2025-05-10,1,75027.91,14
CUST0115,40,Hyderabad,2026-05-03,21,7327.53,167
CUST0116,19,Hyderabad,2025-01-21,7,84003.27,160
CUST0117,33,Bangalore,2025-03-20,16,67111.16,145
CUST0118,31,Noida,2026-05-01,23,25996.25,95
CUST0119,25,Bangalore,2025-03-27,10,11255.83,7
CUST0120,37,Kolkata,2026-04-21,13,94176.32,51
CUST0121,55,Hyderabad,2025-02-08,4,69870.7,78
CUST0122,25,Delhi,2026-03-12,12,53508.15,170
CUST0123,22,Chennai,2025-07-09,1,85032.77,126
CUST0124,45,Chennai,2025-02-24,21,89211.71,118
CUST0125,27,Kolkata,2025-12-29,6,73512.63,167
CUST0126,52,Noida,2025-05-19,15,43839.66,152
CUST0127,38,Hyderabad,2025-05-18,27,93494.88,72
CUST0128,46,Hyderabad,2026-03-28,25,46738.49,157
CUST0129,42,Chennai,2025-12-09,1,49683.5,84
CUST0130,49,Hyderabad,2025-04-04,12,79884.32,88
CUST0131,35,Delhi,2025-05-24,17,94832.23,22
CUST0132,44,Noida,2025-05-04,18,75937.38,177
CUST0133,49,Noida,2025-09-01,26,2215.7,76
CUST0134,43,Hyderabad,2025-04-24,10,66564.02,95
CUST0135,53,Chennai,2025-08-31,14,99664.83,141
CUST0136,40,Noida,2025-06-19,9,31008.99,60
CUST0137,30,Chennai,2025-03-03,4,74416.67,177
CUST0138,30,Hyderabad,2025-04-05,24,48677.76,151
CUST0139,51,Pune,2026-05-16,4,83346.52,76
CUST0140,41,Bangalore,2025-04-27,10,1907.76,137
CUST0141,35,Delhi,2025-03-06,2,55559.22,179
CUST0142,26,Noida,2026-04-29,4,87335.61,147
CUST0143,48,Noida,2025-05-26,15,34400.24,14
CUST0144,48,Mumbai,2025-05-10,27,7001.67,126
CUST0145,54,Delhi,2025-02-07,5,15345.16,145
CUST0146,37,Mumbai,2026-05-01,8,12285.93,107
CUST0147,32,Kolkata,2025-11-07,15,90896.19,77
CUST0148,55,Kolkata,2026-03-17,10,57078.63,16
CUST0149,24,Hyderabad,2025-11-09,21,21497.01,170
CUST0150,28,Hyderabad,2025-02-11,6,55423.23,41
CUST0151,44,Noida,2025-01-02,23,59584.21,75
CUST0152,32,Pune,2025-01-17,23,28630.48,117
CUST0153,32,Pune,2025-02-06,26,79229.15,151
CUST0154,30,Kolkata,2025-12-05,4,54683.96,166
CUST0155,35,Bangalore,2025-03-18,3,6433.98,79
CUST0156,54,Pune,2025-11-01,15,12873.19,177
CUST0157,43,Pune,2025-06-05,17,54228.17,113
CUST0158,20,Kolkata,2025-02-11,24,32571.0,65
CUST0159,23,Hyderabad,2025-01-14,22,83677.88,148
CUST0160,19,Pune,2025-10-28,19,4503.05,45
CUST0161,51,Noida,2025-08-29,30,28176.58,150
CUST0162,49,Mumbai,2025-08-12,16,35122.13,86
CUST0163,24,Bangalore,2025-06-14,11,41458.69,127
CUST0164,43,Delhi,2025-05-28,15,9261.95,65
CUST0165,25,Kolkata,2025-06-15,28,51702.33,1
CUST0166,52,Noida,2025-12-03,14,5893.31,133
CUST0167,49,Noida,2025-07-05,25,5635.37,69
CUST0168,26,Pune,2025-10-09,15,88144.24,125
CUST0169,19,Hyderabad,2025-03-04,23,16258.63,142
CUST0170,53,Kolkata,2025-01-08,3,22857.72,30
CUST0171,25,Bangalore,2025-08-25,16,93298.98,75
CUST0172,35,Kolkata,2025-09-18,27,48508.71,121
CUST0173,47,Bangalore,2025-05-05,13,19465.73,154
CUST0174,26,Mumbai,2025-09-18,9,77381.18,107
CUST0175,50,Pune,2025-06-24,27,755.24,77
CUST0176,55,Noida,2026-03-05,28,15285.24,138
CUST0177,40,Chennai,2025-09-05,18,76405.83,97
CUST0178,38,Hyderabad,2025-08-22,23,24261.15,99
CUST0179,44,Delhi,2025-04-30,11,74598.16,98
CUST0180,27,Noida,2025-07-17,2,13061.5,152
CUST0181,24,Noida,2025-06-19,4,52832.13,117
CUST0182,27,Kolkata,2025-01-08,28,65650.74,40
CUST0183,48,Pune,2025-02-08,11,62514.31,102
CUST0184,23,Chennai,2025-11-29,28,67598.57,137
CUST0185,38,Noida,2025-07-14,28,54331.09,159
CUST0186,33,Pune,2025-02-05,8,74803.25,112
CUST0187,24,Mumbai,2026-05-16,15,17053.3,77
CUST0188,19,Delhi,2026-04-08,11,79716.27,76
CUST0189,41,Kolkata,2025-07-03,5,24797.64,106
CUST0190,29,Bangalore,2025-10-17,6,8357.35,98
CUST0191,33,Noida,2025-11-14,30,58524.13,60
CUST0192,34,Noida,2025-08-25,9,66850.65,120
CUST0193,36,Bangalore,2026-04-07,3,44452.11,89
CUST0194,37,Kolkata,2025-10-28,23,25384.77,78
CUST0195,42,Noida,2025-04-12,4,24101.97,147
CUST0196,54,Pune,2025-07-03,23,29875.46,169
CUST0197,35,Delhi,2025-07-22,19,86574.21,13
CUST0198,49,Pune,2026-04-12,25,79986.58,156
CUST0199,40,Hyderabad,2026-02-15,21,19418.13,65
CUST0200,26,Mumbai,2025-12-14,29,62932.08,11
CUST0201,46,Delhi,2025-06-08,19,36803.69,34
CUST0202,36,Chennai,2025-02-16,24,41842.56,52
CUST0203,52,Chennai,2025-03-09,17,50428.58,70
CUST0204,28,Pune,2026-03-02,30,82556.64,124
CUST0205,36,Chennai,2026-05-11,26,11959.39,20
CUST0206,32,Kolkata,2025-03-14,28,80556.47,94
CUST0207,43,Delhi,2025-02-16,9,53888.94,117
CUST0208,34,Kolkata,2025-07-08,27,64035.65,96
CUST0209,32,Noida,2025-02-25,1,62144.91,144
CUST0210,32,Mumbai,2025-06-17,21,82473.61,180
CUST0211,44,Mumbai,2025-06-04,5,5012.01,10
CUST0212,49,Mumbai,2025-06-05,4,23862.6,138
CUST0213,42,Noida,2025-03-11,12,67213.38,179
CUST0214,52,Kolkata,2026-04-30,19,74355.77,40
CUST0215,44,Mumbai,2026-03-30,27,49190.03,105
CUST0216,35,Delhi,2026-04-26,23,37367.73,114
CUST0217,33,Chennai,2025-08-16,4,98102.31,95
CUST0218,40,Delhi,2025-10-06,13,27950.2,32
CUST0219,47,Mumbai,2026-05-01,22,21604.53,164
CUST0220,19,Delhi,2025-11-02,26,33684.16,33
CUST0221,54,Hyderabad,2026-02-07,3,83066.87,142
CUST0222,55,Hyderabad,2025-04-17,27,87034.69,85
CUST0223,27,Delhi,2026-02-01,9,85911.41,38
CUST0224,52,Pune,2025-03-08,26,17862.46,170
CUST0225,19,Bangalore,2026-03-20,1,36145.11,61
CUST0226,38,Delhi,2025-10-29,6,26904.07,33
CUST0227,44,Mumbai,2026-01-15,24,6824.02,115
CUST0228,41,Mumbai,2026-02-03,15,50631.95,158
CUST0229,51,Pune,2025-01-23,15,64512.4,8
CUST0230,48,Kolkata,2025-02-01,14,68766.7,126
CUST0231,46,Mumbai,2025-12-31,29,8538.65,156
CUST0232,22,Bangalore,2025-03-17,9,62619.59,150
CUST0233,38,Kolkata,2025-10-08,20,53290.41,117
CUST0234,45,Mumbai,2025-09-16,26,70327.05,168
CUST0235,53,Hyderabad,2025-11-30,14,45429.71,59
CUST0236,39,Noida,2025-07-31,13,41890.97,25
CUST0237,45,Chennai,2025-06-10,22,25861.53,40
CUST0238,48,Mumbai,2025-12-18,3,83261.3,24
CUST0239,24,Chennai,2025-08-10,26,13446.49,16
CUST0240,53,Chennai,2025-10-28,22,12662.01,91
CUST0241,45,Delhi,2026-03-24,10,60240.8,91
CUST0242,54,Hyderabad,2025-02-23,5,65845.26,58
CUST0243,24,Chennai,2026-03-10,28,55848.41,30
CUST0244,35,Hyderabad,2026-01-26,26,43196.68,144
CUST0245,53,Delhi,2026-05-14,20,92943.89,178
CUST0246,19,Bangalore,2025-05-17,9,70418.53,80
CUST0247,39,Chennai,2026-04-17,1,18549.85,37
CUST0248,43,Mumbai,2025-10-17,5,74226.42,8
CUST0249,51,Hyderabad,2025-02-16,13,42273.33,88
CUST0250,41,Pune,2025-03-22,24,32776.1,146
CUST0251,23,Delhi,2025-11-02,5,16162.28,159
CUST0252,23,Pune,2025-01-26,15,66362.9,125
CUST0253,46,Kolkata,2025-11-07,9,21949.11,132
CUST0254,40,Kolkata,2025-02-28,4,28683.02,174
CUST0255,49,Pune,2025-10-31,2,22441.58,154
CUST0256,18,Hyderabad,2025-01-29,10,94559.75,36
CUST0257,34,Pune,2026-01-27,11,12438.44,128
CUST0258,45,Bangalore,2026-01-18,5,38330.64,59
CUST0259,53,Chennai,2025-09-14,3,40008.58,11
CUST0260,19,Noida,2025-08-12,30,8247.33,81
CUST0261,45,Kolkata,2025-10-22,23,64194.1,75
CUST0262,43,Delhi,2025-02-28,11,17601.38,159
CUST0263,41,Mumbai,2025-08-24,14,84526.19,63
CUST0264,55,Kolkata,2025-08-12,17,8325.39,80
CUST0265,39,Hyderabad,2026-01-17,11,78022.23,20
CUST0266,25,Hyderabad,2025-09-19,29,77734.71,90
CUST0267,27,Hyderabad,2026-01-08,4,15071.2,51
CUST0268,27,Mumbai,2025-03-30,6,95153.57,161
CUST0269,47,Noida,2025-09-10,22,92453.35,145
CUST0270,38,Chennai,2025-11-26,5,44256.4,121
CUST0271,37,Pune,2025-08-15,19,6089.13,130
CUST0272,37,Noida,2025-02-07,15,4241.92,95
CUST0273,36,Mumbai,2026-03-02,21,86492.88,24
CUST0274,50,Kolkata,2025-11-11,15,58242.78,11
CUST0275,54,Hyderabad,2025-08-19,11,60698.08,129
CUST0276,21,Noida,2025-03-19,4,81191.2,88
CUST0277,23,Bangalore,2026-01-01,2,25150.5,113
CUST0278,51,Bangalore,2025-08-13,12,37598.77,73
CUST0279,44,Chennai,2025-07-18,22,59989.64,162
CUST0280,39,Mumbai,2025-11-28,11,9903.34,174
CUST0281,36,Pune,2025-07-17,24,85230.84,155
CUST0282,27,Chennai,2026-03-24,3,58482.58,37
CUST0283,40,Pune,2026-04-15,21,69998.76,101
CUST0284,23,Pune,2025-03-08,18,37979.59,85
CUST0285,26,Mumbai,2026-02-21,21,67210.38,131
CUST0286,19,Chennai,2025-07-05,10,18436.16,55
CUST0287,49,Hyderabad,2025-06-24,8,99997.67,40
CUST0288,36,Mumbai,2025-02-09,17,77202.03,135
CUST0289,39,Bangalore,2025-01-20,20,37983.63,42
CUST0290,28,Noida,2025-04-03,2,41380.43,174
CUST0291,33,Noida,2026-01-04,20,28850.33,115
CUST0292,52,Hyderabad,2025-04-30,10,96576.87,121
CUST0293,30,Chennai,2026-04-08,22,94739.45,113
CUST0294,36,Kolkata,2025-08-25,17,52982.25,42
CUST0295,30,Bangalore,2026-02-23,28,25375.32,165
CUST0296,41,Mumbai,2025-09-04,23,84666.28,32
CUST0297,23,Bangalore,2025-05-26,9,45207.26,132
CUST0298,45,Mumbai,2025-03-17,30,22592.78,116
CUST0299,40,Delhi,2026-03-29,14,5799.06,129
CUST0300,33,Kolkata,2025-07-11,3,37803.81,8
CUST0301,24,Chennai,2025-06-13,26,15031.91,10
CUST0302,48,Bangalore,2025-05-27,25,70700.85,115
CUST0303,18,Mumbai,2025-11-12,1,25964.43,39
CUST0304,51,Kolkata,2025-10-08,4,77729.18,61
CUST0305,25,Delhi,2025-06-04,8,42272.64,160
CUST0306,22,Mumbai,2025-08-23,27,90562.12,153
CUST0307,19,Hyderabad,2025-10-02,23,14785.9,110
CUST0308,40,Hyderabad,2025-01-01,19,41948.48,171
CUST0309,23,Chennai,2025-12-09,3,95363.67,140
CUST0310,50,Delhi,2025-09-17,13,87396.48,12
CUST0311,42,Chennai,2025-11-22,9,74858.0,92
CUST0312,22,Chennai,2026-02-08,8,73427.63,161
CUST0313,55,Chennai,2025-02-23,5,4911.4,140
CUST0314,29,Noida,2025-06-23,23,48113.85,47
CUST0315,26,Mumbai,2026-02-20,23,77730.94,118
CUST0316,36,Hyderabad,2025-01-19,2,79215.37,11
CUST0317,37,Kolkata,2025-06-11,27,54531.55,65
CUST0318,30,Pune,2025-01-19,12,86282.78,13
CUST0319,39,Pune,2026-03-20,4,80034.57,112
CUST0320,43,Noida,2026-04-01,29,95669.63,87
CUST0321,29,Noida,2026-05-14,23,50003.58,133
CUST0322,23,Kolkata,2025-05-17,3,43345.41,47
CUST0323,36,Chennai,2025-10-07,4,8466.86,170
CUST0324,37,Noida,2025-06-01,20,71907.46,43
CUST0325,46,Chennai,2025-12-20,15,4714.34,91
CUST0326,45,Pune,2025-11-11,21,98012.71,15
CUST0327,43,Chennai,2025-02-08,17,80209.05,174
CUST0328,19,Bangalore,2025-03-23,28,60953.5,113
CUST0329,26,Mumbai,2025-01-18,8,77962.28,94
CUST0330,42,Delhi,2025-07-05,20,15767.1,116
CUST0331,41,Chennai,2026-05-01,15,76426.9,147
CUST0332,51,Chennai,2025-03-12,13,31781.35,72
CUST0333,25,Delhi,2025-05-08,24,19011.78,133
CUST0334,53,Mumbai,2025-07-18,9,77608.97,115
CUST0335,36,Noida,2025-04-20,7,12702.42,19
CUST0336,29,Noida,2025-08-20,3,81146.07,82
CUST0337,40,Mumbai,2025-12-08,18,54446.05,77
CUST0338,28,Bangalore,2026-03-12,26,36468.47,58
CUST0339,30,Bangalore,2025-03-04,8,79142.12,7
CUST0340,53,Chennai,2025-07-04,15,80464.34,142
CUST0341,23,Mumbai,2025-03-08,10,40116.92,123
CUST0342,44,Kolkata,2025-09-27,27,57702.6,33
CUST0343,38,Mumbai,2026-05-13,15,46850.4,133
CUST0344,26,Bangalore,2025-06-26,25,96643.33,111
CUST0345,21,Mumbai,2025-09-15,17,15725.04,43
CUST0346,38,Hyderabad,2025-03-24,12,94774.57,133
CUST0347,36,Mumbai,2026-04-04,9,20032.04,142
CUST0348,26,Pune,2025-05-21,20,53581.06,129
CUST0349,28,Bangalore,2025-11-25,6,66043.92,155
CUST0350,54,Delhi,2025-06-22,27,86446.23,21
CUST0351,54,Pune,2025-01-24,21,21475.43,147
CUST0352,19,Noida,2025-08-02,29,62902.82,75
CUST0353,37,Noida,2025-11-25,8,80566.47,176
CUST0354,37,Noida,2025-07-27,3,69017.05,41
CUST0355,44,Noida,2025-08-14,15,20800.29,156
CUST0356,38,Chennai,2025-03-15,24,98808.33,89
CUST0357,43,Bangalore,2026-05-15,25,37368.75,144
CUST0358,38,Hyderabad,2025-02-24,15,12690.93,116
CUST0359,27,Mumbai,2025-05-07,2,29376.09,99
CUST0360,44,Hyderabad,2026-03-19,28,90279.93,84
CUST0361,54,Chennai,2026-04-24,7,76430.58,128
CUST0362,47,Noida,2025-09-21,29,31199.78,6
CUST0363,43,Noida,2025-02-16,8,21906.87,91
CUST0364,21,Pune,2025-01-25,16,59953.12,168
CUST0365,48,Pune,2025-12-11,18,1313.65,28
CUST0366,26,Pune,2025-08-09,24,36894.88,104
CUST0367,20,Kolkata,2025-07-07,2,57243.02,50
CUST0368,53,Pune,2025-07-05,3,38941.71,116
CUST0369,53,Pune,2026-01-27,27,98914.52,175
CUST0370,25,Bangalore,2025-11-09,4,39693.42,87
CUST0371,41,Bangalore,2025-10-13,7,60445.06,103
CUST0372,20,Delhi,2025-09-14,2,14135.12,86
CUST0373,48,Noida,2026-02-16,5,60822.92,132
CUST0374,38,Chennai,2025-03-13,6,39598.98,158
CUST0375,37,Chennai,2026-01-14,17,82914.79,137
CUST0376,54,Pune,2025-09-08,16,81667.01,95
CUST0377,25,Kolkata,2025-06-19,19,31113.94,177
CUST0378,19,Noida,2025-11-19,9,96723.53,149
CUST0379,32,Delhi,2025-10-23,19,48304.65,135
CUST0380,42,Bangalore,2025-11-19,27,68232.33,9
CUST0381,25,Hyderabad,2025-10-21,1,44383.34,108
CUST0382,44,Hyderabad,2025-03-19,14,50431.04,157
CUST0383,48,Delhi,2026-04-17,23,14239.21,54
CUST0384,38,Noida,2025-10-15,17,37994.07,45
CUST0385,52,Chennai,2025-08-24,18,35751.56,175
CUST0386,34,Noida,2025-11-26,7,95755.07,72
CUST0387,37,Hyderabad,2025-10-13,10,77231.84,54
CUST0388,49,Chennai,2025-12-20,16,35205.92,71
CUST0389,25,Kolkata,2025-05-28,29,98025.97,89
CUST0390,27,Pune,2026-05-04,2,29119.22,21
CUST0391,46,Pune,2025-06-27,24,48168.39,52
CUST0392,52,Pune,2026-02-28,30,56420.79,70
CUST0393,24,Hyderabad,2025-03-12,8,5551.16,136
CUST0394,32,Delhi,2025-04-26,4,41623.49,121
CUST0395,26,Delhi,2025-02-21,18,97802.12,41
CUST0396,48,Noida,2025-07-28,21,20345.87,74
CUST0397,36,Delhi,2025-06-14,30,76988.14,167
CUST0398,32,Delhi,2025-10-21,30,92186.35,107
CUST0399,29,Delhi,2026-03-28,27,40000.96,127
CUST0400,36,Delhi,2025-04-06,1,30190.02,155
CUST0401,39,Pune,2025-02-24,15,98915.4,140
CUST0402,49,Bangalore,2025-09-26,28,50669.16,70
CUST0403,25,Chennai,2025-04-09,6,73246.36,166
CUST0404,29,Delhi,2025-05-12,24,34042.66,76
CUST0405,30,Bangalore,2025-10-18,20,85686.58,104
CUST0406,45,Chennai,2026-02-28,3,40382.91,25
CUST0407,26,Noida,2025-04-05,11,93614.63,2
CUST0408,42,Hyderabad,2025-05-14,15,75498.79,85
CUST0409,55,Delhi,2025-06-04,9,65541.5,178
CUST0410,21,Mumbai,2025-05-01,15,31027.23,104
CUST0411,50,Pune,2025-12-18,23,12182.87,76
CUST0412,32,Hyderabad,2025-07-08,5,48079.1,117
CUST0413,41,Kolkata,2026-01-18,23,55148.83,121
CUST0414,52,Hyderabad,2026-01-23,25,25122.81,153
CUST0415,23,Noida,2026-03-24,17,70524.73,20
CUST0416,54,Mumbai,2026-04-15,2,82963.02,130
CUST0417,54,Bangalore,2025-04-14,6,33147.7,134
CUST0418,25,Hyderabad,2025-08-15,23,58523.19,24
CUST0419,50,Noida,2026-04-06,26,6035.76,34
CUST0420,44,Noida,2025-09-20,19,6244.81,119
CUST0421,37,Delhi,2025-12-11,13,25818.49,1
CUST0422,31,Mumbai,2026-01-17,2,42657.89,180
CUST0423,52,Delhi,2025-02-02,30,89474.74,121
CUST0424,36,Kolkata,2025-01-17,6,77012.72,165
CUST0425,44,Chennai,2026-05-16,29,38556.72,97
CUST0426,23,Bangalore,2025-07-12,21,86098.51,31
CUST0427,52,Kolkata,2025-04-02,17,13171.04,58
CUST0428,18,Delhi,2026-03-04,10,46568.89,140
CUST0429,52,Kolkata,2025-08-06,27,23351.57,118
CUST0430,27,Pune,2025-06-27,7,93772.33,29
CUST0431,44,Delhi,2025-01-17,8,21005.12,26
CUST0432,20,Noida,2025-11-01,20,67366.35,13
CUST0433,20,Kolkata,2025-05-06,15,23816.76,56
CUST0434,21,Bangalore,2026-01-22,17,99351.6,60
CUST0435,54,Chennai,2026-02-22,19,59992.81,173
CUST0436,38,Hyderabad,2026-02-24,10,87687.7,170
CUST0437,32,Kolkata,2025-09-24,10,27877.82,143
CUST0438,55,Bangalore,2026-05-01,21,68035.64,143
CUST0439,21,Chennai,2025-09-11,21,67298.58,135
CUST0440,44,Kolkata,2025-06-13,5,30338.91,48
CUST0441,52,Noida,2026-01-22,8,85009.42,77
CUST0442,27,Noida,2026-03-16,30,6233.58,106
CUST0443,44,Bangalore,2026-05-11,13,24664.42,53
CUST0444,23,Noida,2025-06-19,28,37422.21,138
CUST0445,30,Delhi,2026-01-06,9,38028.21,155
CUST0446,20,Mumbai,2025-11-05,7,80562.74,151
CUST0447,53,Hyderabad,2026-01-06,16,21284.46,86
CUST0448,18,Hyderabad,2025-06-05,30,19407.36,31
CUST0449,48,Hyderabad,2026-01-18,23,60637.95,53
CUST0450,33,Chennai,2025-07-23,25,28664.39,120
CUST0451,40,Pune,2025-10-01,9,36284.64,128
CUST0452,24,Noida,2025-08-27,25,84053.25,53
CUST0453,38,Kolkata,2025-07-09,2,56471.21,57
CUST0454,27,Delhi,2026-01-15,9,55554.5,150
CUST0455,44,Pune,2025-10-24,5,20021.08,59
CUST0456,54,Hyderabad,2025-07-14,16,55288.93,176
CUST0457,34,Noida,2025-06-22,24,64348.6,126
CUST0458,28,Chennai,2025-08-24,6,14425.87,140
CUST0459,29,Delhi,2025-09-08,17,3865.46,20
CUST0460,21,Delhi,2026-04-29,14,14180.41,162
CUST0461,22,Bangalore,2025-04-29,1,22262.61,117
CUST0462,21,Noida,2025-07-11,22,49041.51,2
CUST0463,53,Kolkata,2025-09-30,1,2164.25,71
CUST0464,36,Delhi,2025-10-02,17,81409.14,173
CUST0465,29,Mumbai,2025-08-09,30,10083.23,39
CUST0466,30,Pune,2025-05-04,27,35766.89,102
CUST0467,41,Kolkata,2025-02-10,15,56717.72,179
CUST0468,37,Mumbai,2025-04-26,21,99171.63,167
CUST0469,20,Mumbai,2026-01-24,13,38236.77,142
CUST0470,21,Delhi,2025-09-01,23,17552.67,128
CUST0471,45,Chennai,2026-03-09,19,97744.26,25
CUST0472,51,Delhi,2026-04-04,8,21536.0,178
CUST0473,54,Noida,2026-03-31,9,5132.92,20
CUST0474,35,Delhi,2025-12-17,6,92912.25,81
CUST0475,31,Bangalore,2025-01-09,25,82158.73,102
CUST0476,22,Pune,2026-04-21,6,56613.84,146
CUST0477,42,Chennai,2026-03-04,13,75683.12,36
CUST0478,23,Chennai,2026-02-09,2,10219.74,60
CUST0479,22,Chennai,2026-03-06,20,77016.06,153
CUST0480,38,Delhi,2025-07-23,21,27696.04,116
CUST0481,32,Chennai,2025-09-09,18,94143.71,111
CUST0482,55,Kolkata,2025-04-06,3,77330.66,76
CUST0483,33,Mumbai,2026-02-13,3,27163.22,98
CUST0484,27,Kolkata,2025-12-31,11,36389.67,24
CUST0485,37,Noida,2025-01-03,12,76253.98,27
CUST0486,23,Bangalore,2025-03-09,14,45159.95,143
CUST0487,44,Mumbai,2025-09-20,1,9417.07,142
CUST0488,38,Kolkata,2025-02-17,1,29538.81,100
CUST0489,23,Hyderabad,2026-02-03,19,52349.9,176
CUST0490,28,Bangalore,2025-07-14,9,30462.56,127
CUST0491,22,Bangalore,2025-03-16,14,27958.21,77
CUST0492,22,Chennai,2025-09-05,9,94450.12,161
CUST0493,30,Noida,2025-09-11,4,13981.21,2
CUST0494,43,Chennai,2026-05-01,27,62209.12,85
CUST0495,39,Kolkata,2025-08-14,27,82441.76,167
CUST0496,26,Pune,2026-05-14,11,60519.52,178
CUST0497,48,Chennai,2025-04-13,6,96475.17,82
CUST0498,49,Hyderabad,2025-05-30,11,37917.5,101
CUST0499,25,Hyderabad,2025-07-06,19,99727.86,47
CUST0500,53,Delhi,2025-12-16,24,46431.41,54
CUST0501,36,Mumbai,2025-08-13,27,84854.9,105
CUST0502,49,Bangalore,2025-12-11,21,30631.85,65
CUST0503,27,Kolkata,2025-12-04,26,38010.59,115
CUST0504,48,Kolkata,2025-11-03,18,50907.96,178
CUST0505,52,Delhi,2025-08-03,26,96858.59,180
CUST0506,52,Mumbai,2026-04-04,4,77010.93,169
CUST0507,40,Bangalore,2025-12-07,21,61461.45,145
CUST0508,43,Chennai,2025-11-27,26,43330.33,3
CUST0509,34,Hyderabad,2025-02-20,17,74811.88,143
CUST0510,54,Hyderabad,2025-10-25,15,37724.9,119
CUST0511,55,Bangalore,2026-01-31,12,99771.42,124
CUST0512,36,Kolkata,2025-02-23,30,96191.92,30
CUST0513,27,Chennai,2026-03-02,10,34635.13,53
CUST0514,48,Chennai,2025-09-24,16,10213.49,179
CUST0515,38,Mumbai,2025-08-20,10,4945.96,30
CUST0516,39,Mumbai,2025-01-12,22,80104.99,63
CUST0517,29,Bangalore,2025-09-22,11,56204.97,119
CUST0518,43,Bangalore,2025-04-29,6,64227.65,111
CUST0519,19,Hyderabad,2025-07-22,15,59424.21,100
CUST0520,31,Hyderabad,2025-01-03,9,75356.39,17
CUST0521,24,Bangalore,2025-10-23,12,32935.5,118
CUST0522,34,Noida,2025-02-28,17,96608.68,81
CUST0523,42,Kolkata,2025-11-02,19,11866.09,91
CUST0524,47,Bangalore,2026-03-09,27,67522.09,77
CUST0525,55,Mumbai,2026-04-16,22,13827.8,31
CUST0526,37,Mumbai,2025-05-03,6,37643.95,37
CUST0527,42,Kolkata,2025-09-19,20,14217.8,99
CUST0528,29,Noida,2025-08-05,21,53969.24,166
CUST0529,29,Bangalore,2026-04-22,16,29239.06,48
CUST0530,46,Delhi,2025-06-11,28,36224.4,3
CUST0531,26,Hyderabad,2025-09-06,27,38702.45,144
CUST0532,49,Kolkata,2025-09-16,22,49426.73,114
CUST0533,28,Mumbai,2025-09-08,19,3570.64,57
CUST0534,20,Pune,2025-05-30,8,53992.06,44
CUST0535,47,Noida,2026-02-04,18,51325.2,147
CUST0536,35,Chennai,2025-02-28,18,82349.79,11
CUST0537,46,Hyderabad,2026-01-25,14,10690.44,168
CUST0538,33,Pune,2026-01-20,28,99931.61,116
CUST0539,40,Mumbai,2025-05-15,15,86596.4,31
CUST0540,33,Hyderabad,2026-02-02,26,73892.49,177
CUST0541,45,Bangalore,2025-06-29,20,14353.88,53
CUST0542,31,Delhi,2026-02-21,19,35406.14,72
CUST0543,52,Bangalore,2025-11-02,11,97910.52,75
CUST0544,54,Pune,2025-05-29,28,51684.29,174
CUST0545,24,Bangalore,2026-02-22,25,78676.26,16
CUST0546,26,Bangalore,2025-05-22,8,15051.22,83
CUST0547,33,Kolkata,2026-03-01,16,14646.08,162
CUST0548,44,Kolkata,2025-05-18,15,8013.87,24
CUST0549,50,Pune,2025-07-26,23,93665.44,95
CUST0550,49,Chennai,2025-08-21,19,746.07,24
CUST0551,47,Chennai,2026-01-10,28,6801.4,137
CUST0552,31,Kolkata,2025-07-23,27,21579.22,69
CUST0553,36,Chennai,2025-06-15,18,58004.4,145
CUST0554,49,Chennai,2026-03-13,29,68413.92,13
CUST0555,24,Noida,2025-01-24,1,12861.6,41
CUST0556,47,Delhi,2025-08-14,14,20630.66,177
CUST0557,26,Pune,2026-04-11,6,87505.13,71
CUST0558,41,Pune,2025-02-17,3,37498.45,167
CUST0559,21,Kolkata,2025-03-26,21,30898.17,180
CUST0560,32,Kolkata,2026-01-22,21,9574.32,25
CUST0561,31,Noida,2025-01-01,3,13703.63,58
CUST0562,46,Delhi,2025-09-23,1,69711.91,31
CUST0563,45,Bangalore,2026-03-17,16,7547.42,99
CUST0564,24,Mumbai,2025-02-15,11,37072.39,77
CUST0565,42,Bangalore,2025-03-12,21,99297.55,37
CUST0566,51,Delhi,2025-02-05,20,65177.01,113
CUST0567,31,Bangalore,2025-06-29,30,41465.13,176
CUST0568,31,Mumbai,2025-08-15,29,10496.28,32
CUST0569,42,Chennai,2025-10-29,14,31793.11,36
CUST0570,35,Mumbai,2025-05-07,8,55562.96,154
CUST0571,36,Delhi,2026-01-05,28,84783.47,78
CUST0572,51,Hyderabad,2025-04-16,24,39479.23,166
CUST0573,33,Noida,2025-01-28,13,11717.99,128
CUST0574,22,Delhi,2025-11-23,12,93425.48,34
CUST0575,54,Kolkata,2025-07-18,12,54862.44,45
CUST0576,48,Mumbai,2026-01-26,1,58942.67,4
CUST0577,31,Delhi,2025-05-15,30,6516.65,102
CUST0578,36,Kolkata,2025-09-17,14,70330.16,22
CUST0579,52,Bangalore,2025-11-24,9,8817.91,21
CUST0580,31,Bangalore,2025-09-19,18,33011.65,151
CUST0581,22,Pune,2025-11-21,23,44029.86,62
CUST0582,33,Mumbai,2025-01-30,30,43731.12,117
CUST0583,21,Pune,2025-11-10,22,74298.5,45
CUST0584,18,Bangalore,2025-03-03,23,1629.39,128
CUST0585,40,Pune,2026-05-03,6,37501.01,69
CUST0586,25,Delhi,2026-01-11,11,80807.23,70
CUST0587,22,Pune,2025-09-26,23,97517.53,161
CUST0588,49,Noida,2025-02-09,17,36332.33,128
CUST0589,54,Bangalore,2026-03-16,12,16152.34,27
CUST0590,54,Mumbai,2026-04-03,8,74207.61,1
CUST0591,18,Hyderabad,2025-01-23,2,47440.58,99
CUST0592,27,Bangalore,2026-04-17,30,96054.04,10
CUST0593,44,Hyderabad,2025-10-11,11,25202.19,82
CUST0594,22,Chennai,2025-05-19,4,50453.07,14
CUST0595,32,Delhi,2025-04-02,13,7358.18,120
CUST0596,36,Pune,2026-03-20,11,9095.36,117
CUST0597,41,Hyderabad,2025-01-05,10,56598.77,78
CUST0598,33,Noida,2026-01-14,12,59373.25,127
CUST0599,30,Hyderabad,2026-01-31,5,1134.6,105
CUST0600,32,Chennai,2025-01-13,21,84037.61,3
CUST0601,39,Delhi,2026-05-02,25,65901.73,79
CUST0602,31,Hyderabad,2025-02-23,14,49456.87,16
CUST0603,27,Pune,2026-05-13,3,4868.08,60
CUST0604,51,Kolkata,2026-04-05,23,89610.01,118
CUST0605,23,Mumbai,2026-05-14,17,13784.63,101
CUST0606,55,Delhi,2025-02-08,14,66413.17,34
CUST0607,36,Pune,2025-05-02,28,31843.39,101
CUST0608,38,Chennai,2025-12-25,15,27559.61,20
CUST0609,30,Bangalore,2026-04-29,25,77129.59,28
CUST0610,24,Bangalore,2025-03-21,15,46872.48,105
CUST0611,52,Chennai,2025-03-03,25,21159.8,79
CUST0612,34,Mumbai,2025-08-26,3,16182.73,176
CUST0613,20,Hyderabad,2025-06-05,27,85729.04,38
CUST0614,33,Chennai,2025-02-16,13,51589.24,174
CUST0615,34,Bangalore,2025-06-03,1,95233.61,116
CUST0616,53,Hyderabad,2025-10-12,4,46473.3,36
CUST0617,18,Delhi,2025-03-04,27,78205.52,57
CUST0618,30,Kolkata,2025-03-08,12,68785.38,166
CUST0619,55,Pune,2025-02-13,30,81368.34,6
CUST0620,30,Noida,2025-02-03,26,13314.76,85
CUST0621,20,Noida,2025-03-04,2,17214.93,147
CUST0622,43,Noida,2025-08-10,1,38581.58,110
CUST0623,40,Hyderabad,2025-03-30,30,19121.54,72
CUST0624,27,Delhi,2025-08-17,20,62108.07,63
CUST0625,36,Noida,2025-11-28,14,88336.47,123
CUST0626,23,Pune,2025-02-01,13,14154.98,52
CUST0627,51,Hyderabad,2025-11-26,21,99411.68,140
CUST0628,19,Kolkata,2026-02-11,26,71480.38,123
CUST0629,49,Chennai,2025-10-06,30,56782.29,83
CUST0630,35,Bangalore,2025-07-18,1,32228.32,57
CUST0631,35,Delhi,2025-01-16,26,99157.37,136
CUST0632,55,Hyderabad,2025-07-03,6,10463.37,169
CUST0633,35,Delhi,2025-05-04,25,99641.01,57
CUST0634,42,Chennai,2025-10-22,30,84002.61,45
CUST0635,33,Chennai,2025-04-01,26,73941.46,92
CUST0636,55,Delhi,2026-04-13,23,70205.8,146
CUST0637,27,Hyderabad,2025-10-16,27,98806.62,127
CUST0638,37,Bangalore,2025-10-05,16,4277.39,15
CUST0639,32,Delhi,2025-04-30,17,48059.9,85
CUST0640,30,Bangalore,2026-04-15,11,71835.29,83
CUST0641,19,Bangalore,2025-01-31,19,70617.29,37
CUST0642,25,Chennai,2026-02-01,3,37672.28,170
CUST0643,55,Mumbai,2025-07-22,11,30525.63,35
CUST0644,28,Kolkata,2026-05-15,26,64106.97,125
CUST0645,38,Bangalore,2025-11-29,23,96889.92,178
CUST0646,40,Hyderabad,2026-04-01,22,59100.54,45
CUST0647,37,Pune,2025-07-13,5,18181.97,1
CUST0648,54,Kolkata,2026-05-01,28,99431.17,146
CUST0649,29,Chennai,2025-01-17,30,80976.29,157
CUST0650,54,Mumbai,2025-04-24,30,49870.41,85
CUST0651,22,Hyderabad,2026-01-17,12,98246.78,43
CUST0652,23,Chennai,2025-11-22,15,1633.86,54
CUST0653,22,Chennai,2025-05-08,9,78808.49,1
CUST0654,42,Noida,2025-01-25,24,42255.5,43
CUST0655,44,Noida,2026-03-29,29,38181.9,140
CUST0656,24,Noida,2025-07-12,26,86473.05,167
CUST0657,32,Bangalore,2026-01-24,15,7834.08,9
CUST0658,19,Chennai,2025-05-31,9,95190.38,19
CUST0659,28,Kolkata,2025-06-25,6,73332.52,141
CUST0660,23,Chennai,2026-04-28,20,98534.97,124
CUST0661,19,Kolkata,2025-12-27,21,16917.22,112
CUST0662,21,Mumbai,2025-03-22,11,20952.27,49
CUST0663,53,Pune,2025-07-29,22,28511.55,61
CUST0664,21,Kolkata,2025-02-19,19,55191.43,126
CUST0665,21,Chennai,2025-03-20,1,43046.79,76
CUST0666,48,Hyderabad,2026-02-26,4,3060.7,44
CUST0667,36,Mumbai,2025-11-23,16,84455.02,79
CUST0668,43,Noida,2026-02-06,16,89540.31,68
CUST0669,52,Kolkata,2025-02-16,6,37416.54,98
CUST0670,29,Noida,2025-07-09,2,26697.95,120
CUST0671,32,Pune,2025-05-15,19,6633.12,179
CUST0672,24,Mumbai,2025-12-08,22,34707.24,139
CUST0673,55,Hyderabad,2025-07-31,18,6567.88,100
CUST0674,51,Kolkata,2026-02-24,18,68863.26,122
CUST0675,33,Noida,2025-10-21,10,8356.03,9
CUST0676,54,Bangalore,2025-09-15,4,94950.85,115
CUST0677,28,Hyderabad,2025-03-30,26,19676.25,11
CUST0678,23,Kolkata,2025-08-05,7,99728.29,161
CUST0679,34,Chennai,2025-03-17,30,72846.75,18
CUST0680,42,Kolkata,2025-02-14,18,32949.62,71
CUST0681,47,Delhi,2025-09-24,26,70191.01,151
CUST0682,44,Mumbai,2025-09-25,14,15389.41,146
CUST0683,55,Mumbai,2025-10-29,30,11010.66,26
CUST0684,36,Chennai,2026-02-07,29,41383.56,99
CUST0685,49,Noida,2025-12-02,2,17633.87,104
CUST0686,43,Delhi,2025-03-15,13,89012.63,85
CUST0687,33,Delhi,2025-12-20,24,47784.21,69
CUST0688,41,Delhi,2026-04-05,11,81829.9,78
CUST0689,35,Noida,2025-06-09,28,69770.19,26
CUST0690,32,Bangalore,2026-05-13,10,97434.83,114
CUST0691,38,Pune,2026-02-01,24,41968.89,166
CUST0692,30,Noida,2025-02-15,7,91386.56,105
CUST0693,49,Chennai,2026-01-15,27,6092.48,41
CUST0694,37,Kolkata,2025-02-03,5,78161.38,135
CUST0695,54,Delhi,2026-03-27,6,19679.96,52
CUST0696,21,Hyderabad,2026-03-05,2,45916.64,93
CUST0697,30,Pune,2025-12-27,12,82438.88,130
CUST0698,25,Delhi,2025-07-23,8,37560.44,153
CUST0699,29,Noida,2025-08-17,19,55357.71,89
CUST0700,34,Mumbai,2025-03-25,10,3231.32,13
CUST0701,54,Hyderabad,2025-03-25,28,22524.43,58
CUST0702,31,Pune,2025-12-13,21,41245.97,6
CUST0703,18,Noida,2026-03-19,30,13665.25,45
CUST0704,18,Hyderabad,2025-11-04,9,61030.22,79
CUST0705,35,Kolkata,2025-12-31,29,37959.31,90
CUST0706,34,Hyderabad,2025-08-24,15,30563.44,134
CUST0707,43,Mumbai,2026-02-27,1,51395.61,170
CUST0708,41,Pune,2026-05-10,10,68599.11,124
CUST0709,39,Pune,2025-02-02,21,32851.14,71
CUST0710,37,Hyderabad,2025-05-14,5,51970.71,62
CUST0711,21,Kolkata,2026-04-06,22,32298.78,36
CUST0712,19,Noida,2026-01-05,10,26312.91,108
CUST0713,42,Delhi,2025-07-27,19,70952.86,147
CUST0714,30,Chennai,2026-02-22,24,71480.24,176
CUST0715,48,Chennai,2025-10-01,17,30369.39,44
CUST0716,53,Bangalore,2026-03-07,10,10211.5,33
CUST0717,34,Bangalore,2026-01-15,22,90009.32,168
CUST0718,32,Chennai,2025-02-15,8,74548.89,79
CUST0719,39,Chennai,2025-08-04,9,58764.28,119
CUST0720,25,Noida,2026-03-12,2,86706.14,150
CUST0721,22,Noida,2025-10-25,29,19857.11,31
CUST0722,42,Pune,2026-03-21,14,5879.17,39
CUST0723,30,Chennai,2025-03-12,14,98725.56,118
CUST0724,38,Bangalore,2025-03-15,25,8540.74,86
CUST0725,29,Chennai,2025-11-20,21,6272.35,116
CUST0726,31,Bangalore,2025-05-21,19,76566.13,126
CUST0727,23,Bangalore,2026-02-07,20,43654.29,110
CUST0728,45,Noida,2025-07-26,13,964.58,137
CUST0729,41,Delhi,2025-04-13,29,32560.21,136
CUST0730,19,Delhi,2025-04-08,21,73493.52,58
CUST0731,40,Pune,2025-12-22,5,10719.47,129
CUST0732,37,Bangalore,2025-10-29,3,82472.46,77
CUST0733,36,Noida,2026-05-01,24,52268.7,135
CUST0734,45,Bangalore,2025-06-22,11,99615.82,126
CUST0735,30,Bangalore,2025-07-03,30,91861.44,104
CUST0736,32,Hyderabad,2025-01-10,24,98495.51,55
CUST0737,19,Bangalore,2026-01-11,4,36975.85,167
CUST0738,20,Kolkata,2026-02-10,29,64211.95,137
CUST0739,21,Delhi,2025-11-16,22,11257.29,6
CUST0740,25,Kolkata,2025-01-25,15,38335.25,141
CUST0741,48,Bangalore,2025-05-10,7,69671.61,162
CUST0742,37,Kolkata,2025-01-05,22,10547.49,134
CUST0743,26,Kolkata,2025-05-19,27,89912.88,131
CUST0744,25,Pune,2026-01-04,4,78583.63,128
CUST0745,30,Pune,2025-04-12,27,52553.04,52
CUST0746,44,Pune,2025-07-03,6,4420.87,128
CUST0747,31,Noida,2026-04-12,11,23833.27,4
CUST0748,23,Mumbai,2025-12-10,27,57628.2,127
CUST0749,23,Mumbai,2025-03-18,24,72495.84,66
CUST0750,32,Noida,2025-11-26,10,26780.44,13
CUST0751,29,Delhi,2025-02-21,28,29411.43,174
CUST0752,45,Mumbai,2025-06-10,4,85198.97,12
CUST0753,26,Bangalore,2025-01-05,11,36073.98,113
CUST0754,35,Mumbai,2026-05-05,12,81588.95,47
CUST0755,43,Kolkata,2025-02-28,15,27547.39,99
CUST0756,48,Kolkata,2025-12-20,21,88669.33,43
CUST0757,26,Delhi,2025-02-27,28,16359.84,107
CUST0758,55,Noida,2026-04-12,26,57109.87,113
CUST0759,42,Chennai,2025-04-03,20,3367.21,176
CUST0760,26,Noida,2026-03-27,30,49068.22,106
CUST0761,20,Mumbai,2025-08-14,9,65669.87,4
CUST0762,51,Hyderabad,2025-12-27,22,87377.78,133
CUST0763,24,Kolkata,2025-09-25,22,72801.87,124
CUST0764,42,Bangalore,2025-06-27,27,82730.56,157
CUST0765,18,Bangalore,2025-01-28,17,84960.13,127
CUST0766,28,Mumbai,2026-03-22,25,49418.97,62
CUST0767,35,Delhi,2025-06-19,17,22659.3,165
CUST0768,43,Hyderabad,2025-07-13,3,46179.91,147
CUST0769,23,Noida,2025-08-18,15,31948.12,128
CUST0770,19,Mumbai,2026-01-17,13,41527.69,143
CUST0771,18,Mumbai,2025-10-09,26,60618.23,159
CUST0772,37,Hyderabad,2025-11-23,21,67311.7,88
CUST0773,21,Hyderabad,2025-07-06,28,45718.77,144
CUST0774,48,Chennai,2026-01-28,23,45526.98,25
CUST0775,32,Delhi,2026-01-24,11,35836.33,163
CUST0776,36,Chennai,2026-05-09,23,11079.06,43
CUST0777,26,Kolkata,2025-09-10,4,25801.79,51
CUST0778,25,Kolkata,2025-04-07,7,45976.08,49
CUST0779,39,Mumbai,2026-01-02,25,41739.8,163
CUST0780,55,Mumbai,2026-03-05,25,89229.56,118
CUST0781,55,Bangalore,2025-12-04,16,931.59,13
CUST0782,45,Noida,2025-10-11,30,51079.12,46
CUST0783,55,Bangalore,2025-12-21,24,81616.79,27
CUST0784,38,Kolkata,2025-07-18,14,97960.33,178
CUST0785,33,Pune,2026-01-26,13,96377.56,76
CUST0786,26,Bangalore,2025-08-20,14,60451.18,132
CUST0787,53,Chennai,2025-06-03,23,73813.46,142
CUST0788,31,Hyderabad,2025-11-20,7,62604.68,75
CUST0789,40,Bangalore,2025-12-18,23,65183.6,46
CUST0790,52,Chennai,2025-09-15,23,11982.82,91
CUST0791,48,Kolkata,2025-10-15,22,74912.94,137
CUST0792,45,Delhi,2025-05-27,17,11093.81,98
CUST0793,21,Delhi,2025-03-16,7,27064.34,42
CUST0794,34,Bangalore,2025-05-27,27,6672.27,76
CUST0795,52,Delhi,2025-04-15,12,81495.61,27
CUST0796,53,Hyderabad,2025-11-12,24,64888.38,100
CUST0797,50,Pune,2025-05-02,23,66617.11,98
CUST0798,44,Chennai,2025-07-18,18,5853.32,65
CUST0799,46,Hyderabad,2025-04-14,30,63561.96,166
CUST0800,55,Hyderabad,2025-07-08,25,72628.99,50
CUST0801,46,Bangalore,2025-05-31,22,7909.66,45
CUST0802,50,Mumbai,2026-01-12,13,4543.11,72
CUST0803,34,Bangalore,2025-10-12,6,58606.61,66
CUST0804,39,Noida,2025-01-03,23,93780.7,11
CUST0805,38,Delhi,2025-03-20,25,93272.0,158
CUST0806,37,Noida,2026-03-08,26,57481.36,92
CUST0807,38,Hyderabad,2025-02-07,6,52300.33,130
CUST0808,44,Kolkata,2025-03-23,3,35265.59,55
CUST0809,39,Chennai,2025-12-06,12,29710.65,159
CUST0810,48,Delhi,2025-09-29,4,67059.38,115
CUST0811,33,Delhi,2025-05-04,22,88623.19,98
CUST0812,25,Kolkata,2026-04-14,9,54253.61,73
CUST0813,51,Chennai,2025-01-13,17,80380.27,115
CUST0814,20,Pune,2025-09-07,29,65327.06,83
CUST0815,23,Mumbai,2025-09-21,6,97177.06,138
CUST0816,18,Mumbai,2025-10-01,7,67198.35,55
CUST0817,45,Mumbai,2026-03-19,7,54006.54,180
CUST0818,45,Mumbai,2026-03-26,24,68761.33,7
CUST0819,39,Delhi,2025-08-24,3,7788.18,46
CUST0820,34,Mumbai,2026-02-11,19,82251.12,67
CUST0821,42,Noida,2025-07-28,21,40742.58,81
CUST0822,42,Mumbai,2025-01-09,18,1086.94,159
CUST0823,55,Delhi,2025-02-02,23,84901.0,92
CUST0824,50,Mumbai,2026-04-21,10,78795.74,78
CUST0825,23,Pune,2025-11-07,25,92705.74,98
CUST0826,19,Noida,2025-07-22,6,53580.04,35
CUST0827,43,Pune,2026-01-18,21,14835.52,174
CUST0828,41,Delhi,2026-03-31,18,87539.31,37
CUST0829,20,Delhi,2025-03-05,19,59867.16,138
CUST0830,23,Pune,2025-10-08,7,74955.51,89
CUST0831,44,Bangalore,2025-04-19,6,18807.28,158
CUST0832,34,Hyderabad,2026-03-04,4,18545.12,146
CUST0833,21,Noida,2026-03-13,21,55191.63,75
CUST0834,22,Pune,2025-12-10,4,20143.05,149
CUST0835,39,Chennai,2025-09-07,5,67293.91,61
CUST0836,36,Mumbai,2025-02-21,29,19753.11,125
CUST0837,39,Pune,2025-08-19,23,58624.91,145
CUST0838,41,Chennai,2025-10-18,14,17279.63,81
CUST0839,32,Kolkata,2025-05-07,9,84090.95,35
CUST0840,39,Noida,2025-12-14,15,44813.12,79
CUST0841,53,Mumbai,2025-09-07,6,64732.38,21
CUST0842,35,Bangalore,2026-03-07,29,54092.49,68
CUST0843,22,Mumbai,2026-01-11,29,2353.71,130
CUST0844,19,Kolkata,2025-11-20,25,59208.61,10
CUST0845,34,Noida,2025-10-10,21,77632.13,94
CUST0846,32,Pune,2025-07-20,5,46737.76,131
CUST0847,43,Chennai,2025-02-16,17,1553.87,62
CUST0848,28,Bangalore,2026-03-11,15,16342.63,145
CUST0849,54,Bangalore,2026-05-01,24,73334.45,92
CUST0850,32,Noida,2025-01-21,8,6754.69,95
CUST0851,20,Hyderabad,2025-04-30,17,90818.75,93
CUST0852,48,Noida,2025-07-18,29,5120.53,167
CUST0853,24,Pune,2025-06-15,27,74320.02,149
CUST0854,54,Bangalore,2025-10-06,13,65540.69,94
CUST0855,22,Pune,2025-10-28,13,97281.07,58
CUST0856,43,Chennai,2025-09-22,27,86838.08,125
CUST0857,48,Delhi,2026-02-10,17,88262.41,113
CUST0858,32,Mumbai,2025-03-26,17,64525.96,55
CUST0859,29,Bangalore,2025-03-18,12,60401.02,31
CUST0860,32,Kolkata,2025-12-05,26,33357.36,30
CUST0861,48,Noida,2025-09-04,7,59283.69,166
CUST0862,44,Delhi,2026-03-03,8,4792.86,147
CUST0863,28,Bangalore,2025-10-31,21,51507.96,147
CUST0864,21,Bangalore,2025-03-17,9,92283.46,133
CUST0865,43,Delhi,2026-05-06,29,72094.96,170
CUST0866,36,Mumbai,2026-02-25,7,45195.73,121
CUST0867,48,Bangalore,2026-03-21,8,83121.18,154
CUST0868,55,Bangalore,2025-03-15,20,66135.05,68
CUST0869,39,Noida,2025-03-27,20,59264.3,59
CUST0870,42,Bangalore,2025-07-13,4,2147.98,134
CUST0871,50,Kolkata,2026-03-17,27,15381.34,25
CUST0872,48,Delhi,2025-04-01,29,78494.89,129
CUST0873,25,Mumbai,2026-01-21,16,66109.56,155
CUST0874,18,Kolkata,2025-10-04,17,42358.06,12
CUST0875,51,Kolkata,2025-12-24,8,93872.95,124
CUST0876,42,Chennai,2026-02-09,19,80559.79,179
CUST0877,24,Kolkata,2025-10-22,5,25824.54,60
CUST0878,23,Pune,2026-04-11,20,87738.25,105
CUST0879,30,Delhi,2025-05-12,23,74492.75,2
CUST0880,51,Mumbai,2025-10-23,17,1215.81,168
CUST0881,38,Kolkata,2025-04-16,12,11105.03,110
CUST0882,55,Pune,2025-11-30,9,85570.2,109
CUST0883,41,Pune,2025-10-17,22,40046.69,53
CUST0884,53,Noida,2025-07-31,6,37336.19,143
CUST0885,34,Pune,2025-09-05,19,34763.45,102
CUST0886,26,Mumbai,2026-01-12,24,23362.24,180
CUST0887,28,Mumbai,2026-05-02,7,51080.18,87
CUST0888,53,Delhi,2026-02-15,6,39215.82,163
CUST0889,23,Bangalore,2025-01-03,16,92623.25,112
CUST0890,22,Pune,2025-02-15,8,37398.1,156
CUST0891,42,Kolkata,2025-01-20,20,65789.44,74
CUST0892,21,Bangalore,2025-12-31,21,49689.65,3
CUST0893,51,Pune,2025-04-14,7,3844.13,154
CUST0894,51,Hyderabad,2025-09-19,20,17363.55,10
CUST0895,33,Delhi,2025-07-04,6,9140.86,71
CUST0896,43,Chennai,2026-02-04,22,39816.74,151
CUST0897,51,Delhi,2025-04-13,24,70510.38,24
CUST0898,36,Chennai,2025-10-09,12,96347.12,71
CUST0899,30,Noida,2025-04-26,30,40693.67,2
CUST0900,29,Kolkata,2025-05-14,17,11093.26,19
CUST0901,36,Chennai,2025-09-15,4,80392.75,66
CUST0902,52,Pune,2026-03-25,23,44555.48,97
CUST0903,48,Hyderabad,2025-10-16,25,34296.25,118
CUST0904,47,Delhi,2025-12-15,16,12068.7,18
CUST0905,32,Hyderabad,2025-07-15,26,31915.2,91
CUST0906,52,Delhi,2025-09-22,23,83301.62,64
CUST0907,23,Kolkata,2025-05-28,22,75004.42,88
CUST0908,53,Bangalore,2025-02-08,16,31730.34,56
CUST0909,54,Pune,2026-04-03,6,94738.25,175
CUST0910,30,Noida,2026-04-22,24,20366.82,62
CUST0911,34,Hyderabad,2026-03-23,8,20675.27,64
CUST0912,40,Bangalore,2026-03-05,25,11115.58,21
CUST0913,49,Delhi,2025-12-13,25,85780.39,11
CUST0914,48,Chennai,2026-03-11,20,31883.98,148
CUST0915,35,Noida,2026-03-21,6,98447.27,131
CUST0916,43,Hyderabad,2025-05-24,25,57878.19,14
CUST0917,45,Noida,2025-09-27,18,3739.98,89
CUST0918,29,Noida,2025-07-21,4,69975.33,118
CUST0919,18,Delhi,2025-06-11,22,21469.86,149
CUST0920,38,Chennai,2025-02-21,20,86253.28,48
CUST0921,34,Hyderabad,2025-10-08,9,47398.86,157
CUST0922,41,Bangalore,2025-06-25,16,42682.32,108
CUST0923,41,Chennai,2025-12-25,28,40358.96,116
CUST0924,54,Bangalore,2025-04-03,19,68758.19,26
CUST0925,35,Hyderabad,2026-01-05,18,43505.77,98
CUST0926,27,Bangalore,2025-04-11,16,80664.0,46
CUST0927,49,Bangalore,2025-08-04,29,85014.3,133
CUST0928,38,Noida,2025-10-01,10,25471.92,146
CUST0929,43,Mumbai,2025-01-25,23,16752.52,56
CUST0930,34,Noida,2026-02-21,27,63171.29,116
CUST0931,39,Pune,2026-01-17,12,36350.5,143
CUST0932,34,Chennai,2026-04-23,1,41470.21,90
CUST0933,30,Bangalore,2026-03-21,25,28818.57,84
CUST0934,50,Noida,2025-12-11,25,73784.35,21
CUST0935,36,Noida,2025-07-15,21,95681.15,43
CUST0936,39,Kolkata,2025-11-24,21,61424.86,104
CUST0937,22,Mumbai,2026-03-11,6,34690.74,81
CUST0938,36,Pune,2025-06-12,20,64642.11,70
CUST0939,46,Chennai,2026-03-31,24,58898.52,116
CUST0940,28,Bangalore,2025-07-31,28,2798.56,61
CUST0941,34,Mumbai,2025-12-05,7,17107.59,27
CUST0942,22,Noida,2025-02-18,18,5855.63,102
CUST0943,23,Mumbai,2025-09-26,9,62001.17,22
CUST0944,42,Pune,2025-12-02,8,25115.95,73
CUST0945,26,Bangalore,2025-08-15,17,83932.52,8
CUST0946,40,Chennai,2025-01-18,28,47877.4,139
CUST0947,35,Noida,2026-04-24,5,96969.46,179
CUST0948,29,Noida,2025-10-04,21,75016.7,145
CUST0949,51,Pune,2025-08-11,30,35043.25,139
CUST0950,23,Noida,2025-04-27,10,36895.44,67
CUST0951,37,Delhi,2025-03-21,1,52569.97,35
CUST0952,36,Noida,2025-06-26,18,1327.55,126
CUST0953,48,Pune,2026-04-30,1,76703.99,75
CUST0954,32,Delhi,2025-11-02,18,37677.57,106
CUST0955,53,Kolkata,2026-03-28,13,25364.66,166
CUST0956,42,Hyderabad,2025-07-19,9,8381.37,161
CUST0957,51,Pune,2025-05-03,10,65021.48,137
CUST0958,35,Kolkata,2026-02-19,7,85421.46,47
CUST0959,36,Mumbai,2025-03-11,21,45806.63,116
CUST0960,49,Hyderabad,2025-05-20,11,2429.84,13
CUST0961,52,Delhi,2026-05-12,6,97247.09,73
CUST0962,26,Noida,2025-05-18,24,1316.31,24
CUST0963,18,Noida,2025-03-19,7,34520.33,80
CUST0964,49,Chennai,2026-02-07,15,69845.01,9
CUST0965,23,Bangalore,2025-06-19,2,27017.11,101
CUST0966,52,Noida,2025-02-06,6,19623.13,65
CUST0967,42,Delhi,2026-02-23,4,97472.55,64
CUST0968,46,Hyderabad,2025-07-17,24,99456.27,51
CUST0969,24,Hyderabad,2025-08-24,16,39217.73,80
CUST0970,38,Bangalore,2026-04-25,21,72959.59,141
CUST0971,25,Pune,2025-09-24,16,64032.74,51
CUST0972,21,Hyderabad,2025-07-04,4,23978.6,112
CUST0973,18,Bangalore,2025-06-16,26,27971.95,31
CUST0974,33,Delhi,2025-07-22,2,58317.16,177
CUST0975,27,Chennai,2025-09-01,25,9403.25,41
CUST0976,23,Chennai,2025-09-13,30,96980.34,161
CUST0977,21,Chennai,2025-01-31,21,15814.88,138
CUST0978,24,Bangalore,2026-02-10,16,23651.13,143
CUST0979,40,Noida,2026-02-08,24,19700.05,177
CUST0980,40,Bangalore,2025-07-13,9,89916.97,125
CUST0981,46,Pune,2025-12-28,18,69855.26,49
CUST0982,29,Chennai,2025-10-18,11,73374.04,71
CUST0983,53,Bangalore,2026-03-21,3,53348.17,116
CUST0984,34,Chennai,2025-06-01,15,571.62,164
CUST0985,42,Bangalore,2025-09-17,29,2362.63,94
CUST0986,33,Chennai,2026-02-02,24,6802.5,138
CUST0987,42,Hyderabad,2026-02-24,17,68480.81,142
CUST0988,36,Chennai,2025-03-20,14,64269.94,29
CUST0989,51,Mumbai,2025-02-19,2,83601.74,34
CUST0990,20,Hyderabad,2025-04-02,4,48794.34,26
CUST0991,54,Kolkata,2025-01-17,22,49246.01,160
CUST0992,55,Pune,2025-12-26,2,36952.22,156
CUST0993,22,Delhi,2026-01-03,30,92143.0,168
CUST0994,23,Noida,2025-09-09,26,64072.21,93
CUST0995,44,Chennai,2025-10-13,26,70989.16,158
CUST0996,51,Delhi,2025-05-17,24,7503.62,78
CUST0997,31,Mumbai,2025-02-09,4,72654.61,137
CUST0998,30,Hyderabad,2025-07-17,17,65859.21,146
CUST0999,29,Kolkata,2025-11-17,24,10998.66,164
CUST1000,40,Noida,2025-10-23,23,66691.61,27
CUST1001,29,Kolkata,2025-03-27,17,34082.53,41
CUST1002,46,Chennai,2025-10-01,29,31857.92,84
CUST1003,41,Kolkata,2026-03-09,25,63507.46,83
CUST1004,33,Hyderabad,2025-11-08,13,76687.97,66
CUST1005,46,Noida,2025-07-04,13,519.46,9
CUST1006,19,Bangalore,2025-05-26,29,30533.24,77
CUST1007,31,Chennai,2025-04-24,1,77266.55,177
CUST1008,35,Bangalore,2026-02-26,4,4254.76,92
CUST1009,26,Pune,2025-03-21,12,89017.72,64
CUST1010,34,Pune,2025-04-30,3,57263.47,146
CUST1011,31,Mumbai,2026-04-15,24,32806.86,124
CUST1012,49,Mumbai,2025-03-30,20,64404.33,10
CUST1013,54,Kolkata,2026-01-10,3,78122.13,86
CUST1014,45,Kolkata,2025-06-28,30,86849.19,59
CUST1015,18,Kolkata,2026-01-18,2,30825.95,11
CUST1016,52,Bangalore,2025-06-13,11,50488.96,57
CUST1017,21,Kolkata,2025-03-20,15,75407.6,148
CUST1018,23,Hyderabad,2025-09-16,14,29333.41,101
CUST1019,26,Chennai,2025-03-17,3,47847.54,13
CUST1020,43,Pune,2025-10-08,3,40153.44,112
CUST1021,26,Bangalore,2026-02-01,16,56149.97,125
CUST1022,54,Hyderabad,2025-07-22,18,61791.69,135
CUST1023,33,Mumbai,2025-05-07,9,77788.8,83
CUST1024,54,Mumbai,2025-12-17,4,67338.88,109
CUST1025,40,Hyderabad,2025-07-07,11,34780.23,168
CUST1026,37,Bangalore,2025-01-13,12,61813.99,114
CUST1027,27,Noida,2025-11-16,2,92459.21,60
CUST1028,41,Bangalore,2025-04-13,25,72984.43,22
CUST1029,21,Hyderabad,2025-02-27,20,92709.6,74
CUST1030,39,Mumbai,2025-01-08,10,45281.13,6
CUST1031,31,Hyderabad,2025-06-19,7,54869.21,67
CUST1032,48,Bangalore,2025-10-08,23,70026.15,5
CUST1033,55,Delhi,2025-07-12,9,17446.8,73
CUST1034,35,Delhi,2025-04-13,15,65648.41,3
CUST1035,42,Pune,2025-02-04,22,85282.25,169
CUST1036,24,Delhi,2025-07-04,10,86807.34,167
CUST1037,32,Kolkata,2025-07-17,17,97672.89,26
CUST1038,38,Noida,2026-04-08,28,59912.09,23
CUST1039,30,Noida,2025-04-06,18,92671.82,6
CUST1040,33,Pune,2025-01-21,11,49248.32,41
CUST1041,40,Chennai,2025-01-10,12,62710.48,61
CUST1042,50,Pune,2026-05-16,26,6669.96,66
CUST1043,42,Delhi,2026-03-26,18,94937.08,58
CUST1044,39,Kolkata,2025-03-19,22,14157.44,98
CUST1045,32,Kolkata,2025-09-24,8,57503.41,110
CUST1046,37,Chennai,2026-05-12,15,54452.26,53
CUST1047,26,Hyderabad,2025-12-01,28,14241.91,177
CUST1048,51,Bangalore,2025-12-28,14,99570.74,38
CUST1049,54,Bangalore,2025-12-02,11,7247.5,137
CUST1050,25,Bangalore,2026-05-01,11,84032.49,38
CUST1051,19,Chennai,2026-01-08,29,97303.16,106
CUST1052,46,Pune,2025-06-05,5,78021.23,28
CUST1053,29,Delhi,2025-03-09,25,98602.58,158
CUST1054,54,Hyderabad,2025-05-17,20,23602.16,176
CUST1055,40,Mumbai,2025-01-14,23,78092.71,35
CUST1056,48,Chennai,2025-09-15,6,85286.88,126
CUST1057,26,Bangalore,2025-08-31,7,23014.17,105
CUST1058,18,Pune,2026-01-27,14,22644.14,172
CUST1059,31,Mumbai,2025-04-14,6,92746.77,113
CUST1060,49,Chennai,2026-03-20,28,46025.72,64
CUST1061,43,Delhi,2025-08-07,20,73665.51,98
CUST1062,38,Kolkata,2026-01-04,20,93944.34,147
CUST1063,52,Delhi,2025-11-01,17,11376.97,117
CUST1064,20,Hyderabad,2026-02-28,17,54017.98,11
CUST1065,42,Delhi,2025-10-13,7,29472.35,102
CUST1066,37,Pune,2026-03-29,15,17065.42,76
CUST1067,21,Bangalore,2025-11-10,15,83074.4,116
CUST1068,50,Mumbai,2025-02-16,6,77983.75,179
CUST1069,26,Kolkata,2025-10-07,14,32684.36,7
CUST1070,47,Hyderabad,2025-04-02,29,45740.98,65
CUST1071,28,Mumbai,2025-06-15,3,11859.41,116
CUST1072,41,Mumbai,2025-11-21,17,70874.27,131
CUST1073,28,Kolkata,2025-11-10,18,38370.4,44
CUST1074,39,Bangalore,2026-04-13,6,86947.44,46
CUST1075,21,Kolkata,2026-01-29,10,31297.07,115
CUST1076,29,Mumbai,2025-05-28,29,13591.32,52
CUST1077,34,Delhi,2025-01-02,15,50013.95,128
CUST1078,18,Noida,2025-10-06,8,22078.95,169
CUST1079,47,Kolkata,2025-09-01,15,8400.79,154
CUST1080,33,Pune,2025-01-04,20,63049.22,54
CUST1081,29,Bangalore,2025-01-26,2,65501.05,10
CUST1082,20,Pune,2025-03-16,11,92078.28,13
CUST1083,44,Bangalore,2025-02-25,6,67373.0,157
CUST1084,54,Bangalore,2025-12-05,15,75058.81,93
CUST1085,20,Mumbai,2026-04-22,25,30279.8,95
CUST1086,42,Mumbai,2026-04-05,25,43018.72,141
CUST1087,36,Noida,2025-02-03,5,12641.31,71
CUST1088,51,Kolkata,2025-06-18,17,21379.61,54
CUST1089,21,Mumbai,2025-11-10,19,73107.99,162
CUST1090,23,Noida,2025-09-28,24,69021.1,74
CUST1091,38,Pune,2025-08-07,17,57726.7,160
CUST1092,26,Noida,2025-07-01,17,73053.88,128
CUST1093,29,Hyderabad,2025-09-10,23,29403.56,50
CUST1094,25,Delhi,2025-01-01,15,62733.34,31
CUST1095,31,Kolkata,2026-01-13,14,5026.47,90
CUST1096,31,Delhi,2025-10-14,21,20518.12,73
CUST1097,22,Pune,2025-05-11,10,50915.62,83
CUST1098,18,Mumbai,2026-01-28,22,33661.65,102
CUST1099,54,Delhi,2026-01-06,27,17975.09,85
CUST1100,39,Noida,2026-03-03,30,47712.8,10
CUST1101,26,Noida,2025-11-27,5,62906.45,138
CUST1102,39,Noida,2026-04-04,26,81509.58,15
CUST1103,51,Pune,2026-03-04,19,72633.93,81
CUST1104,52,Delhi,2025-10-12,7,57951.07,85
CUST1105,40,Mumbai,2026-02-14,5,28405.77,8
CUST1106,42,Bangalore,2025-06-23,19,60766.06,48
CUST1107,25,Pune,2025-11-01,23,85853.04,9
CUST1108,44,Mumbai,2025-05-20,16,87766.35,96
CUST1109,37,Hyderabad,2025-08-20,17,30580.67,29
CUST1110,20,Hyderabad,2025-07-11,30,9714.11,130
CUST1111,48,Bangalore,2025-01-13,7,34341.53,124
CUST1112,51,Pune,2026-01-11,25,33070.13,26
CUST1113,51,Bangalore,2026-02-25,7,72594.78,118
CUST1114,51,Mumbai,2025-07-18,1,31442.64,12
CUST1115,23,Chennai,2025-12-18,15,88973.99,27
CUST1116,37,Delhi,2025-09-24,19,75970.14,164
CUST1117,31,Chennai,2026-04-02,7,19658.29,71
CUST1118,38,Noida,2025-09-30,22,12206.26,39
CUST1119,35,Mumbai,2025-03-22,1,95850.66,144
CUST1120,24,Hyderabad,2025-09-21,18,35356.65,82
CUST1121,27,Pune,2025-05-19,19,24860.09,19
CUST1122,39,Noida,2025-06-09,2,13442.36,121
CUST1123,21,Mumbai,2026-04-08,13,5853.09,110
CUST1124,29,Noida,2025-07-20,20,35884.62,86
CUST1125,30,Mumbai,2026-02-23,30,75696.42,120
CUST1126,26,Mumbai,2025-10-18,27,80333.87,179
CUST1127,24,Noida,2025-08-28,10,68605.56,120
CUST1128,32,Hyderabad,2025-08-29,5,86179.08,158
CUST1129,41,Kolkata,2025-05-13,6,70111.65,171
CUST1130,38,Noida,2025-06-19,16,3511.28,122
CUST1131,40,Noida,2025-02-27,15,84653.74,73
CUST1132,40,Bangalore,2026-01-29,17,10741.75,28
CUST1133,53,Mumbai,2025-06-16,26,30560.75,119
CUST1134,55,Kolkata,2025-07-25,8,62277.05,141
CUST1135,48,Kolkata,2025-03-23,3,34401.06,178
CUST1136,45,Kolkata,2025-10-30,19,78839.01,140
CUST1137,33,Bangalore,2025-12-22,22,67125.72,147
CUST1138,49,Mumbai,2026-03-05,19,59809.51,84
CUST1139,24,Noida,2025-10-12,6,31149.55,104
CUST1140,24,Kolkata,2025-02-05,11,49682.37,170
CUST1141,23,Hyderabad,2025-02-01,27,14322.22,149
CUST1142,18,Bangalore,2026-04-08,22,15347.03,137
CUST1143,42,Noida,2025-05-30,7,20963.34,82
CUST1144,54,Pune,2025-06-03,30,94361.66,112
CUST1145,40,Mumbai,2026-01-03,19,1307.87,131
CUST1146,26,Pune,2025-07-26,2,37237.68,141
CUST1147,21,Delhi,2026-05-11,23,56223.01,92
CUST1148,36,Delhi,2025-02-26,8,43455.69,152
CUST1149,38,Kolkata,2025-07-21,13,38465.72,140
CUST1150,29,Noida,2025-04-19,5,19228.57,99
CUST1151,41,Kolkata,2026-03-08,5,29202.85,172
CUST1152,26,Delhi,2025-03-06,3,65014.73,37
CUST1153,49,Kolkata,2026-01-05,5,8924.01,165
CUST1154,44,Noida,2026-02-17,29,78998.38,155
CUST1155,45,Bangalore,2026-04-22,15,51186.78,142
CUST1156,46,Kolkata,2026-02-24,12,22961.22,109
CUST1157,18,Noida,2025-11-06,28,73225.88,129
CUST1158,44,Chennai,2025-05-18,2,97834.23,146
CUST1159,41,Mumbai,2025-09-05,19,48412.52,177
CUST1160,27,Pune,2025-02-10,15,51936.48,134
CUST1161,23,Hyderabad,2026-04-01,16,63250.95,170
CUST1162,22,Pune,2026-05-07,20,5751.04,88
CUST1163,18,Noida,2025-10-01,15,51509.98,121
CUST1164,39,Kolkata,2025-10-21,12,96077.84,76
CUST1165,28,Delhi,2025-05-29,23,92325.02,78
CUST1166,54,Pune,2026-01-08,2,63115.36,149
CUST1167,54,Delhi,2025-03-28,22,99041.3,160
CUST1168,36,Noida,2025-01-14,3,13118.72,20
CUST1169,35,Pune,2026-03-12,5,61771.88,71
CUST1170,34,Delhi,2026-03-16,24,11599.17,45
CUST1171,55,Bangalore,2026-04-11,22,44941.99,45
CUST1172,33,Noida,2025-05-14,6,80037.51,9
CUST1173,23,Bangalore,2025-06-25,20,93427.21,40
CUST1174,49,Kolkata,2026-03-05,25,38625.12,170
CUST1175,28,Hyderabad,2025-08-14,19,73568.93,89
CUST1176,34,Mumbai,2025-01-28,2,17176.24,103
CUST1177,37,Noida,2025-09-01,24,94851.05,137
CUST1178,42,Kolkata,2025-04-30,16,26631.2,136
CUST1179,45,Delhi,2026-03-22,10,92758.64,115
CUST1180,38,Delhi,2025-07-15,4,91812.36,164
CUST1181,45,Pune,2025-07-01,11,27397.45,26
CUST1182,55,Kolkata,2025-05-11,15,77428.53,62
CUST1183,55,Hyderabad,2026-01-11,17,34071.96,177
CUST1184,38,Delhi,2025-04-03,22,1343.38,18
CUST1185,44,Mumbai,2025-01-07,17,10838.77,115
CUST1186,32,Pune,2025-06-29,9,19711.41,7
CUST1187,23,Delhi,2025-11-14,20,65832.25,56
CUST1188,25,Mumbai,2026-05-02,3,85715.86,34
CUST1189,54,Bangalore,2025-07-12,29,11529.09,48
CUST1190,36,Noida,2025-05-10,22,93650.11,164
CUST1191,35,Kolkata,2025-08-21,23,90387.45,83
CUST1192,28,Mumbai,2025-05-12,9,77822.04,98
CUST1193,39,Delhi,2025-07-18,9,95582.77,68
CUST1194,46,Mumbai,2025-04-02,16,97952.49,52
CUST1195,43,Bangalore,2025-11-09,21,49459.7,37
CUST1196,45,Hyderabad,2025-10-04,20,64512.15,114
CUST1197,34,Mumbai,2026-01-02,2,7755.49,147
CUST1198,34,Noida,2026-01-08,1,89702.98,39
CUST1199,18,Delhi,2025-12-01,22,39353.14,39
CUST1200,39,Kolkata,2025-12-25,19,868.52,126
CUST1201,45,Kolkata,2025-09-02,28,72912.86,18
CUST1202,32,Delhi,2025-10-04,13,95438.46,124
CUST1203,54,Chennai,2025-03-04,11,68342.66,103
CUST1204,23,Chennai,2025-01-29,18,85407.54,88
CUST1205,47,Pune,2025-02-11,21,20710.49,142
CUST1206,42,Hyderabad,2025-01-21,10,69740.29,28
CUST1207,40,Noida,2025-11-19,3,88578.81,113
CUST1208,30,Bangalore,2026-01-12,2,19712.73,152
CUST1209,49,Kolkata,2025-05-03,3,79377.55,165
CUST1210,49,Noida,2025-06-07,1,4185.75,15
CUST1211,20,Kolkata,2025-06-22,4,21561.98,168
CUST1212,51,Noida,2025-12-08,22,87084.9,138
CUST1213,55,Hyderabad,2025-03-18,30,7667.33,37
CUST1214,19,Noida,2025-09-08,30,91842.9,12
CUST1215,26,Delhi,2025-05-05,6,63449.81,79
CUST1216,24,Noida,2026-02-25,20,17483.59,152
CUST1217,24,Mumbai,2025-02-02,16,59700.25,158
CUST1218,22,Hyderabad,2025-04-23,14,34065.64,174
CUST1219,38,Mumbai,2025-07-25,22,57808.72,36
CUST1220,31,Delhi,2025-06-14,19,17758.04,17
CUST1221,35,Bangalore,2025-03-03,25,41807.86,179
CUST1222,53,Bangalore,2025-07-09,15,24742.64,149
CUST1223,26,Mumbai,2025-01-21,26,84812.99,157
CUST1224,28,Delhi,2025-07-12,29,48953.26,2
CUST1225,29,Mumbai,2025-01-04,23,65349.7,73
CUST1226,48,Bangalore,2025-08-02,7,14737.24,70
CUST1227,46,Kolkata,2025-09-25,8,93839.92,157
CUST1228,20,Bangalore,2025-12-21,23,50238.82,23
CUST1229,37,Chennai,2025-11-18,14,954.72,61
CUST1230,25,Mumbai,2025-04-09,20,36509.18,139
CUST1231,32,Noida,2025-09-17,25,62833.19,54
CUST1232,21,Hyderabad,2025-05-22,4,79762.99,176
CUST1233,48,Noida,2026-03-09,6,16396.08,12
CUST1234,41,Pune,2025-01-28,7,43749.83,86
CUST1235,47,Delhi,2025-11-12,4,74171.48,138
CUST1236,28,Delhi,2025-04-01,16,51732.92,19
CUST1237,33,Noida,2026-04-04,19,58186.3,108
CUST1238,38,Hyderabad,2025-04-12,25,11458.22,59
CUST1239,33,Kolkata,2025-02-20,28,20395.61,57
CUST1240,48,Noida,2025-02-07,2,89103.64,38
CUST1241,47,Bangalore,2025-04-21,13,37661.77,118
CUST1242,30,Chennai,2026-01-04,9,20619.98,33
CUST1243,54,Delhi,2025-01-17,9,14081.9,120
CUST1244,44,Bangalore,2025-08-23,25,34685.81,76
CUST1245,28,Bangalore,2025-11-06,19,97028.52,59
CUST1246,44,Noida,2025-02-14,28,99568.6,152
CUST1247,47,Pune,2025-08-31,1,73136.77,64
CUST1248,38,Kolkata,2025-05-07,19,22629.46,152
CUST1249,27,Delhi,2026-04-30,14,98028.31,11
CUST1250,50,Delhi,2025-08-29,14,53346.61,123
CUST1251,24,Noida,2026-02-19,16,24430.89,143
CUST1252,18,Kolkata,2026-01-21,7,13704.84,76
CUST1253,23,Delhi,2025-05-03,16,67069.04,42
CUST1254,47,Delhi,2025-12-27,15,46644.18,36
CUST1255,43,Bangalore,2026-03-24,26,87219.4,161
CUST1256,18,Mumbai,2025-08-26,13,89396.73,86
CUST1257,20,Pune,2025-09-29,14,75412.36,179
CUST1258,52,Hyderabad,2026-04-30,26,68624.19,159
CUST1259,39,Delhi,2026-03-27,17,94559.56,173
CUST1260,21,Mumbai,2025-07-06,13,36876.29,159
CUST1261,41,Chennai,2025-01-21,6,64993.18,18
CUST1262,31,Bangalore,2025-10-15,11,24243.95,30
CUST1263,48,Hyderabad,2025-11-29,25,74629.16,58
CUST1264,40,Pune,2025-06-14,17,68182.56,71
CUST1265,22,Chennai,2025-01-28,12,45514.86,129
CUST1266,25,Noida,2025-09-27,23,53424.5,137
CUST1267,36,Noida,2026-04-06,20,37130.51,173
CUST1268,22,Hyderabad,2026-04-30,29,88455.91,23
CUST1269,43,Bangalore,2025-02-11,10,95846.52,20
CUST1270,28,Pune,2025-02-25,4,69859.67,128
CUST1271,31,Delhi,2025-03-19,10,41945.4,175
CUST1272,26,Noida,2025-10-05,12,42302.93,166
CUST1273,36,Hyderabad,2025-01-11,3,2692.64,60
CUST1274,51,Chennai,2026-03-04,14,58081.11,168
CUST1275,38,Noida,2025-11-27,19,66752.61,136
CUST1276,53,Noida,2026-03-08,15,30756.19,34
CUST1277,37,Bangalore,2026-04-05,26,26370.74,124
CUST1278,36,Delhi,2025-07-10,5,35635.53,117
CUST1279,28,Bangalore,2026-05-05,23,53764.01,47
CUST1280,29,Bangalore,2026-05-14,6,24171.58,11
CUST1281,54,Bangalore,2025-06-12,15,26410.52,48
CUST1282,53,Delhi,2025-04-16,22,32035.9,89
CUST1283,41,Noida,2025-03-17,18,97558.84,137
CUST1284,25,Delhi,2025-06-04,13,93141.36,38
CUST1285,47,Chennai,2026-05-01,5,927.28,140
CUST1286,50,Chennai,2026-05-15,21,70692.41,122
CUST1287,36,Bangalore,2026-04-04,26,56740.54,114
CUST1288,25,Noida,2025-06-23,29,4488.05,174
CUST1289,25,Pune,2025-10-10,1,40462.18,57
CUST1290,40,Mumbai,2025-08-17,11,5975.85,165
CUST1291,55,Hyderabad,2025-04-10,26,93598.68,72
CUST1292,19,Mumbai,2025-04-11,18,85020.41,174
CUST1293,23,Kolkata,2025-12-10,7,49301.3,155
CUST1294,50,Delhi,2025-11-06,30,66843.26,102
CUST1295,45,Chennai,2025-03-17,13,37596.7,73
CUST1296,40,Pune,2025-06-26,15,87493.02,23
CUST1297,46,Kolkata,2025-04-21,26,44529.18,42
CUST1298,45,Kolkata,2026-02-17,5,83633.4,154
CUST1299,27,Hyderabad,2025-02-14,10,47724.01,135
CUST1300,22,Kolkata,2025-06-21,3,1158.58,164
CUST1301,35,Kolkata,2026-04-14,6,55803.48,146
CUST1302,26,Hyderabad,2026-01-22,6,83312.23,75
CUST1303,49,Delhi,2025-10-11,27,82711.71,150
CUST1304,49,Noida,2025-06-05,8,3170.58,1
CUST1305,34,Pune,2025-03-20,21,83507.19,121
CUST1306,36,Kolkata,2025-03-05,6,49442.71,177
CUST1307,33,Delhi,2025-11-27,4,76589.48,127
CUST1308,22,Chennai,2026-05-12,19,48308.35,112
CUST1309,34,Noida,2026-03-21,23,81918.94,96
CUST1310,54,Delhi,2025-09-20,28,26323.95,149
CUST1311,27,Chennai,2025-01-30,15,87892.57,35
CUST1312,28,Delhi,2025-07-02,9,36435.76,163
CUST1313,40,Delhi,2026-04-12,10,29520.58,164
CUST1314,22,Hyderabad,2026-04-25,25,62988.98,25
CUST1315,28,Chennai,2025-11-03,28,31962.94,176
CUST1316,37,Pune,2026-02-14,22,69947.77,93
CUST1317,52,Chennai,2025-02-19,27,14799.89,36
CUST1318,36,Chennai,2025-09-23,25,48747.45,88
CUST1319,28,Mumbai,2026-04-17,7,15878.21,57
CUST1320,30,Mumbai,2026-03-02,14,46318.89,20
CUST1321,26,Delhi,2025-03-01,16,35146.89,177
CUST1322,26,Noida,2025-07-05,29,98764.38,134
CUST1323,39,Bangalore,2026-01-26,23,30816.08,31
CUST1324,26,Bangalore,2025-04-24,23,23044.16,33
CUST1325,26,Mumbai,2025-04-18,14,69236.4,29
CUST1326,19,Noida,2025-02-09,25,43409.12,51
CUST1327,20,Delhi,2025-02-25,16,12332.76,65
CUST1328,22,Pune,2025-01-23,22,1522.1,25
CUST1329,25,Hyderabad,2026-02-05,19,90166.9,48
CUST1330,40,Delhi,2025-12-10,3,14982.92,72
CUST1331,55,Chennai,2026-05-01,12,16475.45,129
CUST1332,33,Mumbai,2026-02-04,4,82048.86,4
CUST1333,31,Hyderabad,2025-09-28,10,17591.46,138
CUST1334,24,Hyderabad,2025-01-03,30,50667.43,122
CUST1335,55,Bangalore,2025-07-07,15,67515.81,28
CUST1336,40,Kolkata,2025-04-03,14,21820.26,59
CUST1337,25,Chennai,2025-07-28,4,46857.22,134
CUST1338,49,Chennai,2025-03-11,23,29182.99,11
CUST1339,38,Noida,2025-02-12,4,38785.72,117
CUST1340,37,Noida,2025-11-04,8,55614.63,75
CUST1341,45,Hyderabad,2026-03-14,28,7426.11,122
CUST1342,41,Bangalore,2026-04-26,1,99872.97,126
CUST1343,24,Kolkata,2025-12-11,15,52504.91,174
CUST1344,25,Bangalore,2025-02-13,13,40362.12,152
CUST1345,24,Bangalore,2026-05-16,3,36689.14,51
CUST1346,30,Kolkata,2025-06-23,4,23670.53,109
CUST1347,49,Pune,2026-01-07,25,71492.63,149
CUST1348,35,Kolkata,2025-10-31,12,47844.72,155
CUST1349,43,Noida,2026-05-02,17,28249.62,117
CUST1350,25,Pune,2025-02-25,16,49978.74,161
CUST1351,26,Delhi,2026-04-28,4,73910.94,18
CUST1352,19,Bangalore,2025-09-13,13,60656.1,84
CUST1353,37,Mumbai,2025-03-20,25,8113.47,134
CUST1354,49,Noida,2026-01-28,7,29709.51,128
CUST1355,50,Pune,2025-09-09,18,34689.76,139
CUST1356,19,Delhi,2025-10-07,14,88072.5,31
CUST1357,46,Chennai,2025-07-16,28,37945.49,118
CUST1358,20,Bangalore,2025-01-19,18,66111.4,78
CUST1359,28,Noida,2026-03-29,14,13881.58,100
CUST1360,25,Noida,2025-09-07,22,55601.5,139
CUST1361,48,Noida,2025-10-20,18,85507.97,130
CUST1362,43,Pune,2025-01-29,16,59308.99,97
CUST1363,40,Pune,2025-11-12,11,6611.69,152
CUST1364,26,Chennai,2025-01-24,12,81050.57,150
CUST1365,39,Kolkata,2025-01-14,4,43100.74,92
CUST1366,40,Delhi,2025-07-30,22,24800.77,61
CUST1367,37,Mumbai,2025-11-28,30,68955.13,79
CUST1368,39,Bangalore,2025-02-28,1,54072.47,10
CUST1369,45,Kolkata,2025-08-24,9,2530.03,121
CUST1370,19,Chennai,2025-10-29,13,57250.18,83
CUST1371,24,Noida,2025-10-21,4,69240.96,53
CUST1372,49,Chennai,2025-06-22,6,61675.37,94
CUST1373,45,Hyderabad,2026-05-12,16,63726.7,20
CUST1374,52,Hyderabad,2026-03-07,10,26882.93,77
CUST1375,43,Hyderabad,2025-10-21,20,74417.36,24
CUST1376,55,Mumbai,2026-01-03,19,34015.39,18
CUST1377,51,Noida,2025-10-18,14,21369.05,20
CUST1378,37,Pune,2025-11-30,14,66513.94,81
CUST1379,44,Kolkata,2025-04-13,9,62683.91,117
CUST1380,53,Bangalore,2025-12-10,29,2351.03,133
CUST1381,29,Noida,2026-03-18,7,66250.22,120
CUST1382,52,Kolkata,2025-05-18,30,56828.59,161
CUST1383,51,Hyderabad,2025-01-31,12,46517.43,62
CUST1384,37,Kolkata,2025-03-19,14,32205.99,17
CUST1385,31,Kolkata,2025-11-21,9,82459.22,166
CUST1386,34,Hyderabad,2025-03-24,13,24229.1,39
CUST1387,19,Hyderabad,2025-04-09,26,82809.27,119
CUST1388,53,Kolkata,2025-09-06,14,64868.74,10
CUST1389,28,Pune,2025-04-14,5,3399.62,72
CUST1390,53,Bangalore,2025-12-04,21,85325.84,125
CUST1391,19,Delhi,2026-02-05,28,89702.29,81
CUST1392,37,Mumbai,2025-11-05,29,95531.3,94
CUST1393,23,Kolkata,2025-12-10,27,72561.33,36
CUST1394,25,Mumbai,2025-05-01,17,66589.6,149
CUST1395,51,Pune,2026-05-02,16,88514.2,61
CUST1396,25,Chennai,2025-11-04,11,83317.25,100
CUST1397,33,Kolkata,2026-02-17,7,14855.65,45
CUST1398,35,Noida,2025-04-20,14,25803.44,151
CUST1399,49,Chennai,2025-01-29,23,94896.73,82
CUST1400,45,Noida,2025-10-07,22,25011.5,72
CUST1401,27,Chennai,2026-03-27,16,71709.29,79
CUST1402,20,Delhi,2025-01-11,23,91787.0,172
CUST1403,34,Kolkata,2025-05-03,10,64075.43,180
CUST1404,25,Hyderabad,2025-07-05,28,44519.08,3
CUST1405,43,Pune,2026-04-11,10,9479.91,61
CUST1406,31,Bangalore,2025-06-02,30,44165.16,82
CUST1407,44,Delhi,2026-03-27,9,86711.24,126
CUST1408,44,Chennai,2025-08-30,23,42525.42,26
CUST1409,28,Pune,2026-02-27,17,7103.54,108
CUST1410,53,Chennai,2025-11-05,15,69673.4,14
CUST1411,29,Noida,2025-11-25,26,64289.33,1
CUST1412,30,Pune,2025-07-25,11,57793.03,29
CUST1413,33,Bangalore,2025-03-22,28,59604.6,106
CUST1414,38,Noida,2026-02-10,16,87413.83,35
CUST1415,29,Chennai,2025-05-14,26,28538.83,22
CUST1416,41,Bangalore,2025-08-01,13,87700.81,147
CUST1417,19,Delhi,2025-04-25,30,56073.73,157
CUST1418,32,Mumbai,2025-11-17,15,20227.49,180
CUST1419,28,Delhi,2026-03-13,13,61991.4,154
CUST1420,27,Mumbai,2025-05-14,12,17427.23,146
CUST1421,18,Kolkata,2025-03-02,25,92038.91,117
CUST1422,49,Mumbai,2026-02-28,8,71499.59,49
CUST1423,35,Pune,2026-04-30,24,49669.73,34
CUST1424,31,Hyderabad,2025-08-09,27,28655.24,174
CUST1425,44,Bangalore,2025-04-07,14,79350.12,8
CUST1426,34,Hyderabad,2025-05-29,20,45372.18,64
CUST1427,55,Noida,2025-07-09,3,1526.86,35
CUST1428,38,Kolkata,2026-03-23,22,21615.66,99
CUST1429,45,Pune,2025-12-29,3,9980.3,16
CUST1430,39,Hyderabad,2025-01-27,16,90868.54,156
CUST1431,20,Delhi,2026-04-26,9,50701.93,98
CUST1432,43,Chennai,2025-06-04,5,96821.75,144
CUST1433,55,Bangalore,2025-01-22,9,17401.72,127
CUST1434,39,Noida,2026-04-22,5,9419.97,136
CUST1435,27,Pune,2025-08-10,4,31670.33,33
CUST1436,35,Chennai,2025-09-13,30,43293.56,68
CUST1437,34,Chennai,2025-11-10,14,89320.85,81
CUST1438,49,Bangalore,2026-01-13,18,85376.85,169
CUST1439,46,Delhi,2025-11-22,7,15287.77,59
CUST1440,20,Noida,2025-04-04,9,16773.72,120
CUST1441,25,Noida,2025-08-12,2,44431.21,144
CUST1442,47,Noida,2025-09-06,4,84660.92,38
CUST1443,40,Mumbai,2025-03-05,7,86883.22,47
CUST1444,28,Pune,2026-03-04,19,89144.0,150
CUST1445,55,Delhi,2025-04-19,17,76801.34,47
CUST1446,22,Hyderabad,2025-08-02,25,50062.02,25
CUST1447,39,Delhi,2026-03-31,10,68290.58,175
CUST1448,43,Chennai,2025-03-04,19,92950.27,28
CUST1449,38,Bangalore,2026-03-05,1,8565.79,169
CUST1450,47,Pune,2025-09-03,20,65971.63,85
CUST1451,20,Noida,2026-05-12,11,94768.13,146
CUST1452,31,Delhi,2025-03-08,26,64542.58,83
CUST1453,21,Mumbai,2026-02-13,18,95214.07,98
CUST1454,43,Pune,2025-02-17,6,24387.97,103
CUST1455,19,Hyderabad,2025-02-15,6,39156.04,104
CUST1456,27,Mumbai,2025-05-26,10,49339.09,111
CUST1457,37,Bangalore,2026-01-12,12,66719.27,95
CUST1458,30,Noida,2025-09-20,15,88598.6,122
CUST1459,54,Kolkata,2025-05-18,3,75770.82,95
CUST1460,29,Kolkata,2025-11-11,21,42888.7,11
CUST1461,39,Noida,2025-09-20,22,22810.91,176
CUST1462,27,Noida,2026-01-01,17,63141.18,135
CUST1463,36,Noida,2025-02-12,14,8378.72,123
CUST1464,27,Bangalore,2025-06-03,22,90338.91,64
CUST1465,45,Pune,2025-09-25,19,5248.96,20
CUST1466,20,Mumbai,2026-04-15,17,42778.9,25
CUST1467,54,Pune,2025-08-26,12,25858.59,21
CUST1468,50,Delhi,2026-01-29,4,74181.36,119
CUST1469,29,Kolkata,2025-04-02,2,8787.41,77
CUST1470,55,Noida,2025-06-10,25,67190.86,160
CUST1471,34,Chennai,2026-02-18,30,87198.81,48
CUST1472,29,Mumbai,2025-04-19,24,98227.53,67
CUST1473,24,Kolkata,2026-03-23,18,2282.56,102
CUST1474,18,Bangalore,2025-03-01,21,47973.43,178
CUST1475,49,Pune,2025-07-27,20,81406.68,158
CUST1476,43,Pune,2025-07-04,3,12946.4,4
CUST1477,25,Delhi,2025-04-08,23,97066.78,7
CUST1478,48,Bangalore,2025-04-18,21,24557.13,161
CUST1479,52,Hyderabad,2026-03-16,3,30441.33,119
CUST1480,48,Kolkata,2025-03-17,1,12087.65,40
CUST1481,46,Noida,2026-01-14,16,2452.96,116
CUST1482,33,Hyderabad,2025-10-27,10,57158.33,101
CUST1483,39,Delhi,2025-01-27,4,63225.78,111
CUST1484,49,Pune,2025-08-01,2,49005.9,125
CUST1485,55,Noida,2025-09-20,8,71571.89,136
CUST1486,45,Chennai,2025-01-10,18,6819.3,166
CUST1487,48,Mumbai,2025-08-02,16,62458.32,166
CUST1488,46,Kolkata,2025-06-27,1,16552.68,50
CUST1489,40,Noida,2025-08-29,8,51009.78,151
CUST1490,39,Noida,2026-04-11,5,88375.75,100
CUST1491,44,Chennai,2026-05-07,26,47496.32,42
CUST1492,31,Pune,2025-11-15,23,75050.8,171
CUST1493,26,Bangalore,2025-09-05,7,16053.25,126
CUST1494,44,Noida,2025-02-21,10,23854.53,143
CUST1495,19,Chennai,2025-01-25,29,26450.4,174
CUST1496,29,Delhi,2025-03-23,26,6834.73,111
CUST1497,32,Mumbai,2025-02-28,18,22797.52,67
CUST1498,40,Delhi,2025-06-24,25,87832.51,69
CUST1499,27,Mumbai,2026-04-04,23,5516.99,113
CUST1500,47,Mumbai,2026-02-14,4,78274.41,157
CUST1501,24,Delhi,2026-02-05,17,10988.4,162
CUST1502,31,Chennai,2025-03-02,6,72970.75,114
CUST1503,50,Noida,2026-01-26,24,87114.02,40
CUST1504,41,Chennai,2025-11-28,27,14208.36,52
CUST1505,44,Delhi,2025-08-13,8,83563.93,122
CUST1506,36,Bangalore,2025-06-24,3,26968.56,107
CUST1507,33,Bangalore,2025-07-04,25,75473.96,108
CUST1508,32,Bangalore,2026-02-08,26,43167.87,105
CUST1509,47,Chennai,2026-04-05,1,44536.58,3
CUST1510,51,Mumbai,2026-01-03,3,34161.21,103
CUST1511,28,Kolkata,2026-01-31,2,39629.99,10
CUST1512,27,Delhi,2025-12-05,21,98014.68,170
CUST1513,51,Pune,2026-03-25,14,40499.28,175
CUST1514,53,Pune,2025-12-25,24,74398.4,89
CUST1515,35,Bangalore,2025-01-05,23,40691.84,165
CUST1516,52,Noida,2025-04-16,23,34852.44,167
CUST1517,30,Pune,2025-07-27,3,4178.53,86
CUST1518,26,Pune,2025-07-19,7,9735.55,142
CUST1519,51,Chennai,2025-06-09,25,63750.71,6
CUST1520,52,Pune,2025-01-15,8,83306.78,78
CUST1521,45,Mumbai,2026-01-07,24,6464.6,96
CUST1522,50,Chennai,2025-05-13,4,5249.42,167
CUST1523,25,Noida,2026-04-27,10,57457.31,2
CUST1524,39,Hyderabad,2025-08-21,26,74702.93,149
CUST1525,52,Hyderabad,2025-10-17,12,30270.56,171
CUST1526,54,Bangalore,2026-02-06,23,38077.74,64
CUST1527,38,Hyderabad,2025-02-23,27,77965.68,117
CUST1528,27,Kolkata,2025-02-20,27,41499.27,24
CUST1529,45,Bangalore,2025-02-01,16,21871.05,20
CUST1530,51,Kolkata,2025-07-09,19,56117.36,102
CUST1531,34,Noida,2026-03-23,21,42630.51,113
CUST1532,49,Kolkata,2025-12-19,27,16702.86,130
CUST1533,49,Noida,2025-03-07,5,96819.16,132
CUST1534,51,Mumbai,2026-03-18,23,21657.93,122
CUST1535,28,Chennai,2025-01-17,30,95206.26,155
CUST1536,44,Mumbai,2026-03-13,4,37273.8,75
CUST1537,51,Bangalore,2025-01-21,4,37461.0,96
CUST1538,36,Noida,2025-06-05,1,79224.77,37
CUST1539,55,Kolkata,2026-02-06,2,93713.66,79
CUST1540,36,Hyderabad,2026-04-01,6,82002.94,126
CUST1541,25,Chennai,2025-01-02,3,87107.44,107
CUST1542,54,Pune,2025-09-04,19,45511.26,87
CUST1543,42,Noida,2026-02-05,27,72143.33,156
CUST1544,26,Noida,2025-03-09,25,45267.97,115
CUST1545,38,Mumbai,2025-03-18,26,62664.66,160
CUST1546,42,Hyderabad,2025-07-29,29,39842.01,139
CUST1547,46,Pune,2025-01-24,21,9308.72,43
CUST1548,19,Pune,2025-12-29,18,64693.39,165
CUST1549,23,Hyderabad,2025-10-14,20,54412.52,14
CUST1550,54,Hyderabad,2026-05-06,25,47845.65,5
CUST1551,52,Bangalore,2025-03-03,1,27858.77,53
CUST1552,55,Noida,2025-05-06,3,80788.64,156
CUST1553,43,Delhi,2025-06-14,16,86266.45,6
CUST1554,45,Bangalore,2025-06-24,14,2893.67,136
CUST1555,42,Pune,2025-06-12,3,11907.14,26
CUST1556,28,Pune,2025-10-05,5,18675.56,23
CUST1557,37,Kolkata,2025-03-20,22,17334.51,158
CUST1558,38,Bangalore,2026-05-08,1,71473.41,77
CUST1559,24,Chennai,2025-07-19,5,41575.87,83
CUST1560,42,Mumbai,2025-05-13,2,20654.67,153
CUST1561,33,Noida,2025-10-28,17,75362.8,99
CUST1562,25,Pune,2026-05-02,2,32174.48,142
CUST1563,22,Noida,2025-07-28,1,41045.63,60
CUST1564,19,Pune,2026-04-13,18,96365.73,173
CUST1565,33,Bangalore,2025-02-21,10,57040.44,115
CUST1566,50,Hyderabad,2025-02-12,26,96807.2,96
CUST1567,28,Hyderabad,2025-10-04,18,95284.96,143
CUST1568,20,Delhi,2025-08-20,27,46732.88,159
CUST1569,28,Delhi,2025-05-29,2,93383.93,124
CUST1570,34,Kolkata,2025-05-20,12,84322.65,55
CUST1571,50,Pune,2025-10-27,2,16560.92,137
CUST1572,22,Pune,2025-10-16,3,39832.84,32
CUST1573,26,Pune,2026-03-02,29,43480.26,157
CUST1574,38,Chennai,2025-09-16,21,26505.37,116
CUST1575,33,Chennai,2025-05-20,11,21457.08,154
CUST1576,19,Bangalore,2025-06-18,21,92264.65,156
CUST1577,18,Delhi,2025-09-01,22,17766.83,143
CUST1578,49,Kolkata,2026-04-04,18,8574.3,167
CUST1579,22,Delhi,2025-11-30,29,83292.34,172
CUST1580,25,Chennai,2025-08-16,27,37949.46,154
CUST1581,42,Bangalore,2025-07-03,27,76912.6,179
CUST1582,25,Noida,2025-01-05,12,93656.66,114
CUST1583,32,Delhi,2025-01-05,25,28472.88,92
CUST1584,23,Pune,2025-04-09,26,71922.05,60
CUST1585,41,Delhi,2025-09-10,9,49537.37,156
CUST1586,18,Hyderabad,2025-04-18,27,64024.39,29
CUST1587,35,Noida,2026-03-22,6,55402.63,169
CUST1588,54,Bangalore,2026-01-14,3,59022.38,17
CUST1589,34,Hyderabad,2025-03-07,29,52546.46,71
CUST1590,19,Pune,2025-04-09,22,56231.54,117
CUST1591,45,Delhi,2025-01-02,28,93906.55,111
CUST1592,44,Pune,2026-03-09,4,68177.26,120
CUST1593,41,Delhi,2025-09-11,29,72261.42,13
CUST1594,44,Noida,2025-05-23,11,1013.35,50
CUST1595,23,Delhi,2025-06-21,24,22949.99,177
CUST1596,22,Hyderabad,2025-08-05,7,16865.92,80
CUST1597,24,Delhi,2025-02-02,16,43478.92,7
CUST1598,39,Pune,2025-10-31,8,11230.15,62
CUST1599,39,Delhi,2026-05-06,27,33692.05,61
CUST1600,22,Noida,2026-04-29,25,10019.24,115
CUST1601,25,Mumbai,2025-10-24,2,91713.08,97
CUST1602,22,Bangalore,2025-06-10,2,91952.02,114
CUST1603,37,Kolkata,2025-01-29,3,10631.84,15
CUST1604,21,Pune,2025-10-14,28,38454.82,25
CUST1605,44,Hyderabad,2025-11-13,28,60157.8,169
CUST1606,18,Noida,2025-11-16,13,46688.8,110
CUST1607,24,Chennai,2026-03-27,21,93789.69,7
CUST1608,51,Chennai,2025-08-21,19,19651.89,27
CUST1609,22,Hyderabad,2025-01-07,29,57534.61,164
CUST1610,34,Chennai,2025-09-18,14,48399.23,159
CUST1611,29,Hyderabad,2025-08-16,5,79804.05,16
CUST1612,37,Kolkata,2025-03-07,17,95994.26,92
CUST1613,55,Bangalore,2025-06-09,5,47217.61,155
CUST1614,36,Chennai,2025-06-25,1,52009.22,169
CUST1615,27,Delhi,2025-12-14,8,50957.23,144
CUST1616,21,Kolkata,2026-03-16,12,19943.01,52
CUST1617,30,Mumbai,2025-11-24,11,19340.88,122
CUST1618,47,Chennai,2025-12-22,28,58051.87,86
CUST1619,37,Kolkata,2025-11-12,11,16646.86,117
CUST1620,20,Noida,2026-03-25,8,92035.38,164
CUST1621,32,Noida,2025-04-25,20,21707.28,124
CUST1622,39,Kolkata,2026-01-12,7,40331.1,2
CUST1623,18,Mumbai,2025-07-05,12,3486.75,30
CUST1624,36,Noida,2025-03-14,7,63317.79,93
CUST1625,19,Hyderabad,2025-01-23,7,28768.04,57
CUST1626,34,Bangalore,2026-03-30,11,84829.65,63
CUST1627,30,Delhi,2025-04-02,6,84366.7,26
CUST1628,26,Kolkata,2025-01-11,21,78847.7,29
CUST1629,31,Pune,2025-06-23,15,24394.92,96
CUST1630,28,Kolkata,2025-12-05,29,71238.74,31
CUST1631,26,Hyderabad,2025-03-15,7,53489.19,178
CUST1632,38,Kolkata,2025-07-11,21,24832.69,12
CUST1633,55,Hyderabad,2026-01-26,28,53779.1,39
CUST1634,33,Delhi,2025-06-17,21,79663.39,33
CUST1635,50,Noida,2026-03-12,7,72866.21,121
CUST1636,22,Bangalore,2026-02-09,17,39117.53,166
CUST1637,50,Chennai,2026-01-20,16,52129.79,46
CUST1638,41,Noida,2025-06-14,23,95597.31,122
CUST1639,55,Kolkata,2025-05-18,21,92157.93,150
CUST1640,20,Hyderabad,2025-11-29,8,89541.02,116
CUST1641,33,Kolkata,2026-03-18,7,30946.9,97
CUST1642,28,Chennai,2025-10-20,9,55279.92,35
CUST1643,23,Pune,2026-01-20,15,52122.66,59
CUST1644,20,Noida,2025-10-26,17,62302.02,110
CUST1645,47,Kolkata,2025-08-19,14,37067.44,128
CUST1646,35,Kolkata,2025-06-12,1,18366.79,60
CUST1647,22,Chennai,2025-05-16,29,8700.64,129
CUST1648,52,Mumbai,2025-09-20,26,28004.28,59
CUST1649,25,Mumbai,2025-02-20,12,4309.0,52
CUST1650,30,Chennai,2025-06-20,9,30620.2,175
CUST1651,35,Hyderabad,2026-03-09,23,60601.39,36
CUST1652,52,Pune,2026-03-14,1,77122.57,73
CUST1653,40,Kolkata,2026-02-26,13,82275.2,168
CUST1654,48,Bangalore,2025-01-07,28,40051.78,59
CUST1655,31,Noida,2026-01-06,8,51824.62,142
CUST1656,47,Noida,2026-01-23,11,79295.53,81
CUST1657,30,Kolkata,2026-03-10,25,94222.01,107
CUST1658,46,Noida,2025-04-18,28,56065.46,96
CUST1659,54,Bangalore,2025-03-13,10,94363.72,3
CUST1660,40,Chennai,2025-09-13,8,42205.16,176
CUST1661,43,Pune,2026-01-21,11,58902.03,146
CUST1662,20,Bangalore,2026-02-07,5,97735.71,85
CUST1663,54,Kolkata,2025-10-18,13,20818.36,101
CUST1664,52,Kolkata,2025-02-02,7,47740.38,85
CUST1665,46,Pune,2025-10-19,3,17556.65,173
CUST1666,29,Delhi,2025-10-11,27,69057.94,126
CUST1667,29,Hyderabad,2025-01-14,3,91178.86,99
CUST1668,31,Hyderabad,2025-05-26,10,66127.2,18
CUST1669,21,Chennai,2025-08-21,17,1599.19,84
CUST1670,44,Kolkata,2026-03-17,6,98964.71,34
CUST1671,44,Noida,2025-10-02,24,7341.92,53
CUST1672,31,Pune,2025-03-08,14,81880.66,171
CUST1673,28,Pune,2025-09-01,19,20695.8,176
CUST1674,35,Hyderabad,2025-08-23,1,99112.97,115
CUST1675,43,Hyderabad,2025-02-02,17,33224.7,146
CUST1676,49,Noida,2026-03-27,15,57825.21,24
CUST1677,47,Chennai,2025-05-28,23,84342.63,77
CUST1678,29,Kolkata,2025-07-20,8,18368.02,159
CUST1679,45,Noida,2026-01-11,13,91127.89,47
CUST1680,54,Mumbai,2025-12-24,13,70015.15,12
CUST1681,28,Pune,2025-05-03,29,62994.28,75
CUST1682,22,Hyderabad,2025-12-08,30,49602.01,142
CUST1683,41,Mumbai,2025-03-04,25,10969.84,84
CUST1684,46,Bangalore,2025-07-29,9,21133.52,12
CUST1685,19,Mumbai,2025-08-25,21,69601.33,119
CUST1686,39,Kolkata,2025-07-15,28,19843.16,10
CUST1687,34,Mumbai,2025-01-06,23,91755.13,84
CUST1688,47,Noida,2025-12-10,15,7289.6,141
CUST1689,33,Noida,2025-12-03,5,47343.38,72
CUST1690,28,Bangalore,2026-03-07,27,2297.58,26
CUST1691,36,Mumbai,2025-04-01,18,74273.93,44
CUST1692,18,Pune,2025-02-09,5,44345.47,46
CUST1693,20,Hyderabad,2025-04-21,15,69825.87,163
CUST1694,51,Mumbai,2026-02-20,13,69189.5,114
CUST1695,18,Delhi,2025-01-27,25,38050.86,52
CUST1696,33,Chennai,2026-04-21,30,24234.76,24
CUST1697,44,Delhi,2025-01-09,1,34043.11,50
CUST1698,22,Hyderabad,2025-12-15,29,10112.02,171
CUST1699,28,Delhi,2025-03-27,14,51493.76,84
CUST1700,53,Hyderabad,2025-06-15,20,21108.37,139
CUST1701,45,Mumbai,2025-07-22,8,21771.11,92
CUST1702,29,Delhi,2025-06-15,13,65572.28,4
CUST1703,31,Noida,2025-07-19,8,7068.62,72
CUST1704,41,Delhi,2025-11-29,3,88603.28,106
CUST1705,49,Mumbai,2025-06-04,23,53850.06,146
CUST1706,34,Mumbai,2025-03-29,20,32773.25,162
CUST1707,42,Bangalore,2025-12-23,11,17945.44,177
CUST1708,48,Mumbai,2025-06-12,11,2256.06,150
CUST1709,42,Hyderabad,2025-08-18,17,58953.12,4
CUST1710,19,Mumbai,2025-04-30,10,24021.43,110
CUST1711,33,Mumbai,2026-01-23,2,14186.77,128
CUST1712,30,Bangalore,2025-06-01,13,20836.34,10
CUST1713,46,Chennai,2025-05-02,5,28173.58,165
CUST1714,20,Kolkata,2026-02-07,21,81364.7,7
CUST1715,39,Chennai,2025-04-28,8,20978.83,14
CUST1716,33,Hyderabad,2026-04-10,20,87334.23,134
CUST1717,29,Noida,2025-06-14,21,1101.24,126
CUST1718,30,Delhi,2025-02-05,21,99205.25,53
CUST1719,23,Bangalore,2025-03-06,19,55110.29,53
CUST1720,50,Mumbai,2025-05-01,14,72636.42,80
CUST1721,30,Hyderabad,2025-03-26,14,18055.33,64
CUST1722,36,Noida,2025-06-05,21,20539.4,124
CUST1723,41,Kolkata,2025-02-10,13,17192.72,113
CUST1724,50,Kolkata,2025-08-05,25,16009.91,124
CUST1725,42,Kolkata,2025-01-11,28,8781.67,77
CUST1726,52,Bangalore,2025-11-01,18,72801.5,66
CUST1727,47,Pune,2025-07-14,15,28680.96,144
CUST1728,48,Mumbai,2025-11-07,11,14097.31,121
CUST1729,27,Hyderabad,2025-04-11,1,1777.01,129
CUST1730,41,Noida,2026-01-09,13,92606.26,102
CUST1731,41,Kolkata,2026-05-12,16,31127.18,151
CUST1732,44,Delhi,2025-02-06,30,12885.51,145
CUST1733,30,Kolkata,2025-03-25,9,77241.4,90
CUST1734,49,Chennai,2025-09-18,23,6241.61,99
CUST1735,45,Hyderabad,2026-04-20,8,48033.69,93
CUST1736,19,Bangalore,2025-11-20,9,60740.85,175
CUST1737,34,Hyderabad,2025-03-17,20,58045.01,170
CUST1738,28,Delhi,2026-03-07,4,77211.73,165
CUST1739,42,Kolkata,2025-12-31,23,58822.96,21
CUST1740,30,Kolkata,2025-09-23,6,83060.08,65
CUST1741,37,Kolkata,2025-12-21,19,31143.9,106
CUST1742,23,Mumbai,2026-01-21,21,57474.86,89
CUST1743,27,Pune,2026-02-21,24,21347.79,102
CUST1744,37,Delhi,2025-12-24,6,81730.74,1
CUST1745,22,Kolkata,2025-02-19,17,41975.81,74
CUST1746,45,Bangalore,2026-01-11,6,37777.81,35
CUST1747,49,Bangalore,2025-04-12,17,94874.09,116
CUST1748,31,Bangalore,2025-10-18,7,6368.72,47
CUST1749,30,Pune,2026-02-19,29,87225.75,113
CUST1750,24,Bangalore,2025-11-17,3,29666.0,97
CUST1751,35,Mumbai,2025-03-05,11,3451.83,61
CUST1752,49,Mumbai,2025-09-02,1,6575.12,2
CUST1753,55,Delhi,2025-12-07,4,21501.3,2
CUST1754,51,Pune,2025-07-12,30,48849.65,87
CUST1755,45,Chennai,2025-11-06,12,68345.07,88
CUST1756,33,Chennai,2025-06-11,22,40147.9,157
CUST1757,40,Chennai,2025-01-30,26,10467.65,117
CUST1758,43,Bangalore,2026-03-22,1,60389.96,136
CUST1759,33,Chennai,2025-05-24,15,62025.99,169
CUST1760,48,Kolkata,2026-03-22,22,19199.53,164
CUST1761,38,Delhi,2026-05-06,21,36340.46,12
CUST1762,38,Noida,2026-05-12,8,60872.92,103
CUST1763,23,Chennai,2026-01-14,14,93938.93,122
CUST1764,24,Kolkata,2025-12-04,10,60913.79,37
CUST1765,51,Delhi,2026-03-22,5,50043.54,23
CUST1766,53,Noida,2025-06-04,6,89692.65,30
CUST1767,52,Hyderabad,2025-09-04,8,21558.26,169
CUST1768,23,Mumbai,2025-12-25,14,99339.47,8
CUST1769,38,Kolkata,2025-03-24,25,28395.61,66
CUST1770,48,Mumbai,2025-12-07,22,14007.77,137
CUST1771,49,Mumbai,2025-11-21,26,69332.56,58
CUST1772,54,Mumbai,2026-04-23,21,34650.97,98
CUST1773,53,Kolkata,2025-12-01,26,23720.06,67
CUST1774,36,Mumbai,2025-03-01,4,9369.37,152
CUST1775,30,Mumbai,2026-04-25,19,37089.83,81
CUST1776,42,Delhi,2026-05-04,10,6657.55,138
CUST1777,42,Kolkata,2025-04-08,11,77242.45,174
CUST1778,26,Hyderabad,2026-04-24,4,39833.58,138
CUST1779,47,Chennai,2026-03-13,5,81706.72,76
CUST1780,32,Noida,2026-03-05,22,45850.56,154
CUST1781,27,Delhi,2025-05-26,20,32353.87,129
CUST1782,25,Pune,2025-12-19,28,70798.97,123
CUST1783,31,Noida,2025-11-20,10,70561.98,97
CUST1784,39,Bangalore,2025-01-31,27,71818.25,58
CUST1785,21,Bangalore,2025-12-25,28,49006.71,101
CUST1786,28,Delhi,2025-06-03,18,39532.41,109
CUST1787,48,Chennai,2025-12-14,25,39440.59,19
CUST1788,36,Pune,2025-09-28,23,92344.85,180
CUST1789,53,Kolkata,2026-03-15,4,13524.62,149
CUST1790,21,Pune,2026-03-20,15,65636.08,148
CUST1791,46,Noida,2025-03-12,10,89773.2,54
CUST1792,30,Delhi,2025-04-22,12,72732.77,148
CUST1793,27,Kolkata,2025-02-22,14,68104.8,44
CUST1794,21,Mumbai,2026-04-20,12,97428.8,46
CUST1795,21,Mumbai,2026-04-29,17,65184.73,152
CUST1796,27,Kolkata,2025-08-11,8,3882.29,62
CUST1797,49,Pune,2025-07-23,23,59817.47,45
CUST1798,42,Mumbai,2025-12-01,25,46635.54,167
CUST1799,35,Noida,2025-07-15,12,1654.44,30
CUST1800,25,Noida,2025-02-12,21,67044.82,131
CUST1801,19,Noida,2025-04-26,9,69525.72,25
CUST1802,55,Bangalore,2026-02-11,13,48677.05,166
CUST1803,45,Pune,2025-12-26,19,12961.03,84
CUST1804,52,Bangalore,2025-02-02,13,81380.36,6
CUST1805,53,Noida,2025-07-21,3,52130.66,150
CUST1806,25,Hyderabad,2025-10-03,22,89811.43,47
CUST1807,29,Delhi,2026-03-18,18,44999.67,81
CUST1808,20,Bangalore,2025-03-04,19,21019.88,42
CUST1809,53,Pune,2025-02-14,28,75430.34,22
CUST1810,50,Pune,2025-03-05,12,96644.48,44
CUST1811,18,Hyderabad,2025-08-05,10,5093.54,133
CUST1812,36,Noida,2026-04-09,5,57918.61,178
CUST1813,51,Chennai,2025-06-10,20,54051.84,54
CUST1814,24,Delhi,2025-12-19,8,4155.03,37
CUST1815,31,Bangalore,2025-06-03,20,55431.03,152
CUST1816,35,Bangalore,2025-07-03,24,62420.12,20
CUST1817,34,Pune,2025-10-09,13,65152.01,42
CUST1818,47,Mumbai,2025-07-24,9,67814.3,178
CUST1819,52,Hyderabad,2025-03-15,3,63142.04,69
CUST1820,30,Chennai,2025-11-21,19,65903.15,131
CUST1821,28,Kolkata,2025-11-06,27,15772.4,112
CUST1822,19,Hyderabad,2025-07-14,3,27377.46,137
CUST1823,53,Kolkata,2025-02-26,3,33271.07,23
CUST1824,39,Pune,2025-07-05,5,86951.11,58
CUST1825,18,Mumbai,2025-05-21,13,97958.78,57
CUST1826,24,Mumbai,2025-07-13,6,52884.33,79
CUST1827,49,Mumbai,2025-10-29,17,35215.57,147
CUST1828,36,Pune,2026-03-20,20,10357.08,13
CUST1829,38,Kolkata,2025-03-29,6,34844.7,174
CUST1830,52,Kolkata,2026-05-11,16,59434.86,67
CUST1831,50,Bangalore,2025-01-05,22,13073.65,97
CUST1832,35,Delhi,2025-10-18,30,72679.22,95
CUST1833,33,Kolkata,2025-12-29,23,46049.77,113
CUST1834,47,Pune,2025-07-01,9,95285.32,134
CUST1835,32,Pune,2026-04-28,21,85863.19,79
CUST1836,38,Mumbai,2025-07-28,21,8407.75,62
CUST1837,23,Bangalore,2026-04-29,19,6212.45,74
CUST1838,49,Delhi,2025-10-11,14,67864.79,35
CUST1839,49,Mumbai,2025-09-03,13,1883.08,49
CUST1840,18,Kolkata,2026-04-12,23,53665.32,89
CUST1841,51,Delhi,2025-05-06,20,45140.88,44
CUST1842,51,Hyderabad,2025-12-12,6,7974.68,35
CUST1843,40,Delhi,2025-09-21,14,49803.03,44
CUST1844,25,Chennai,2025-07-11,30,68066.79,139
CUST1845,25,Pune,2026-03-12,10,48570.91,68
CUST1846,18,Kolkata,2025-04-20,7,92344.11,165
CUST1847,20,Noida,2025-09-21,29,61965.99,125
CUST1848,40,Delhi,2025-01-30,20,46305.21,77
CUST1849,24,Delhi,2025-07-01,12,89074.53,48
CUST1850,40,Delhi,2025-07-25,4,43364.98,51
CUST1851,51,Bangalore,2025-02-13,14,12822.34,125
CUST1852,27,Pune,2025-01-04,8,47334.52,96
CUST1853,41,Kolkata,2025-06-03,29,18627.11,69
CUST1854,46,Noida,2025-02-25,6,14417.5,112
CUST1855,40,Hyderabad,2025-01-03,4,19361.92,11
CUST1856,43,Kolkata,2025-03-10,24,33455.74,9
CUST1857,30,Noida,2025-03-24,22,98301.41,31
CUST1858,49,Noida,2025-08-04,26,68332.78,33
CUST1859,43,Kolkata,2025-06-16,5,11418.41,28
CUST1860,19,Bangalore,2026-02-10,5,34739.99,4
CUST1861,33,Delhi,2026-01-28,22,83068.66,110
CUST1862,18,Kolkata,2026-05-15,16,29301.93,125
CUST1863,45,Hyderabad,2025-02-12,20,15673.32,131
CUST1864,33,Pune,2025-04-06,25,11944.49,68
CUST1865,33,Kolkata,2025-12-25,7,47652.34,27
CUST1866,50,Bangalore,2025-12-25,7,99258.89,152
CUST1867,27,Hyderabad,2025-11-19,4,13663.43,10
CUST1868,30,Bangalore,2025-05-21,14,2257.3,52
CUST1869,21,Kolkata,2025-02-16,14,52734.63,180
CUST1870,32,Hyderabad,2025-11-21,11,42894.55,16
CUST1871,45,Delhi,2025-09-19,10,11450.47,94
CUST1872,40,Kolkata,2025-05-24,8,32324.17,13
CUST1873,20,Delhi,2025-04-04,2,66212.86,83
CUST1874,36,Noida,2025-04-19,9,90893.96,26
CUST1875,29,Pune,2025-08-09,16,36676.33,78
CUST1876,24,Delhi,2025-02-27,22,55400.94,34
CUST1877,41,Chennai,2025-06-19,24,77991.43,136
CUST1878,41,Hyderabad,2025-11-06,21,27956.72,150
CUST1879,23,Mumbai,2025-07-16,5,63141.08,155
CUST1880,20,Hyderabad,2025-03-03,7,70613.68,26
CUST1881,52,Chennai,2025-02-08,10,72672.39,52
CUST1882,27,Delhi,2025-10-01,5,19574.82,141
CUST1883,34,Chennai,2025-12-31,29,36918.2,162
CUST1884,25,Kolkata,2026-01-03,3,48540.65,135
CUST1885,50,Delhi,2026-04-22,6,60115.79,179
CUST1886,26,Pune,2026-05-11,2,95602.39,16
CUST1887,30,Kolkata,2026-02-11,16,68627.08,132
CUST1888,22,Bangalore,2026-05-13,15,75197.42,99
CUST1889,42,Kolkata,2025-10-15,20,27513.67,48
CUST1890,28,Hyderabad,2025-01-02,19,69823.81,132
CUST1891,50,Pune,2025-08-22,10,85321.27,76
CUST1892,35,Mumbai,2025-12-29,6,22780.98,137
CUST1893,36,Delhi,2025-05-02,21,15239.88,72
CUST1894,26,Pune,2026-04-20,28,79166.82,165
CUST1895,31,Mumbai,2025-05-08,1,65040.23,162
CUST1896,41,Chennai,2025-11-06,3,94669.57,141
CUST1897,26,Kolkata,2025-05-16,29,61342.46,84
CUST1898,18,Chennai,2025-01-30,8,73182.43,72
CUST1899,34,Delhi,2025-04-01,18,65903.1,150
CUST1900,42,Pune,2025-02-24,28,62809.85,155
CUST1901,31,Noida,2025-10-10,8,32764.17,53
CUST1902,43,Bangalore,2025-10-25,15,23556.45,112
CUST1903,27,Noida,2025-07-08,3,49848.14,118
CUST1904,29,Hyderabad,2025-04-05,19,49306.58,47
CUST1905,36,Delhi,2025-11-28,10,16710.41,46
CUST1906,43,Hyderabad,2026-02-23,3,14780.47,110
CUST1907,47,Kolkata,2025-05-06,4,72568.54,36
CUST1908,18,Mumbai,2026-01-08,13,38707.06,29
CUST1909,18,Delhi,2026-02-28,5,25210.12,22
CUST1910,27,Delhi,2025-05-18,26,96652.9,28
CUST1911,39,Mumbai,2025-10-05,7,14353.39,145
CUST1912,46,Bangalore,2026-04-02,10,33509.75,40
CUST1913,21,Pune,2025-05-05,21,54589.48,6
CUST1914,20,Mumbai,2026-02-27,18,30025.48,131
CUST1915,44,Bangalore,2026-03-30,1,91260.61,7
CUST1916,45,Kolkata,2025-04-27,5,35654.34,74
CUST1917,42,Mumbai,2025-04-26,16,17371.13,29
CUST1918,24,Pune,2025-04-25,12,8090.85,86
CUST1919,41,Mumbai,2025-03-02,29,4813.01,39
CUST1920,45,Chennai,2025-04-02,20,18545.87,109
CUST1921,37,Pune,2025-03-18,12,87602.52,70
CUST1922,49,Chennai,2026-04-15,30,26907.4,20
CUST1923,18,Bangalore,2026-02-08,25,65757.49,82
CUST1924,42,Noida,2025-03-17,24,79786.65,123
CUST1925,22,Mumbai,2026-02-22,19,43031.59,72
CUST1926,23,Chennai,2025-03-16,5,18596.3,99
CUST1927,38,Noida,2025-06-30,14,48388.21,106
CUST1928,39,Bangalore,2025-11-05,26,94431.01,63
CUST1929,44,Noida,2025-07-16,18,53610.18,137
CUST1930,32,Kolkata,2025-10-02,3,58305.91,108
CUST1931,54,Hyderabad,2025-09-27,23,9181.4,93
CUST1932,31,Delhi,2025-01-02,12,56058.26,35
CUST1933,25,Delhi,2026-04-17,30,35260.08,36
CUST1934,47,Bangalore,2025-05-31,27,85404.56,108
CUST1935,31,Hyderabad,2025-05-05,2,74826.04,31
CUST1936,27,Kolkata,2026-05-08,24,3121.51,109
CUST1937,21,Mumbai,2025-07-10,22,58369.9,123
CUST1938,28,Delhi,2026-03-05,5,36841.8,21
CUST1939,22,Delhi,2025-05-06,19,83191.27,107
CUST1940,29,Noida,2025-03-18,24,14441.18,136
CUST1941,37,Noida,2025-12-24,14,72394.46,114
CUST1942,18,Pune,2026-02-05,4,16010.79,165
CUST1943,29,Bangalore,2025-01-17,1,39940.87,109
CUST1944,47,Pune,2025-12-15,30,57420.48,79
CUST1945,32,Kolkata,2025-12-30,30,16101.66,24
CUST1946,42,Bangalore,2025-09-25,24,21580.49,159
CUST1947,32,Kolkata,2025-01-29,6,82339.24,144
CUST1948,22,Noida,2025-11-06,16,31662.37,165
CUST1949,42,Bangalore,2025-07-27,2,80432.26,166
CUST1950,30,Pune,2025-08-06,4,10887.81,93
CUST1951,39,Delhi,2025-11-05,8,28579.59,139
CUST1952,22,Hyderabad,2025-02-24,20,1592.21,80
CUST1953,53,Hyderabad,2025-04-07,21,92955.59,62
CUST1954,23,Delhi,2025-05-18,19,98656.15,124
CUST1955,21,Chennai,2025-01-24,3,94379.16,3
CUST1956,36,Kolkata,2025-07-02,17,19890.93,101
CUST1957,40,Bangalore,2026-01-07,23,67631.3,85
CUST1958,50,Mumbai,2025-07-28,17,80845.69,39
CUST1959,55,Kolkata,2025-01-13,16,58842.64,10
CUST1960,28,Bangalore,2025-05-29,22,46579.07,161
CUST1961,32,Hyderabad,2025-02-17,26,68305.24,37
CUST1962,28,Chennai,2026-01-29,15,78642.51,87
CUST1963,41,Kolkata,2025-05-29,2,89122.65,175
CUST1964,33,Hyderabad,2025-07-18,20,60884.27,40
CUST1965,49,Mumbai,2025-10-18,26,1986.7,80
CUST1966,23,Noida,2025-10-08,4,45753.38,44
CUST1967,36,Bangalore,2026-04-24,3,28371.67,94
CUST1968,23,Mumbai,2025-06-30,6,71210.18,118
CUST1969,48,Pune,2025-05-13,25,87727.46,167
CUST1970,26,Mumbai,2026-04-19,19,49081.77,94
CUST1971,36,Kolkata,2026-03-16,14,85771.6,175
CUST1972,46,Chennai,2025-03-08,17,84561.15,81
CUST1973,23,Kolkata,2025-07-11,17,45284.18,175
CUST1974,21,Hyderabad,2025-01-22,23,82212.89,3
CUST1975,24,Pune,2025-03-21,13,16241.48,103
CUST1976,22,Hyderabad,2026-03-14,13,87478.81,172
CUST1977,40,Noida,2025-02-17,15,64427.21,120
CUST1978,23,Bangalore,2025-02-25,24,11280.66,102
CUST1979,45,Hyderabad,2026-01-29,13,33207.7,82
CUST1980,49,Hyderabad,2025-06-25,23,74257.83,30
CUST1981,47,Delhi,2025-05-23,18,15996.24,121
CUST1982,31,Chennai,2025-03-16,19,3616.66,154
CUST1983,42,Delhi,2026-02-01,30,80949.09,111
CUST1984,31,Delhi,2025-08-31,7,86868.05,176
CUST1985,35,Pune,2025-08-05,21,18022.51,37
CUST1986,35,Kolkata,2025-02-05,3,30184.51,116
CUST1987,44,Hyderabad,2026-03-23,22,89360.8,48
CUST1988,21,Mumbai,2026-03-02,29,90213.35,88
CUST1989,37,Bangalore,2026-05-09,7,35252.99,108
CUST1990,48,Bangalore,2025-09-04,23,43960.01,178
CUST1991,42,Delhi,2025-10-20,18,78415.7,153
CUST1992,22,Bangalore,2025-04-12,11,66574.26,82
CUST1993,27,Noida,2025-01-08,30,15174.92,82
CUST1994,44,Pune,2025-02-28,17,72367.46,116
CUST1995,26,Noida,2026-04-28,21,96961.02,25
CUST1996,31,Hyderabad,2025-01-19,14,69796.39,43
CUST1997,42,Hyderabad,2025-11-04,12,21371.43,49
CUST1998,54,Delhi,2026-05-13,12,81471.05,5
CUST1999,37,Mumbai,2025-06-04,23,50163.5,117
CUST2000,44,Chennai,2025-07-31,12,82904.49,110
